transaction_id,customer_id,transaction_date,transaction_amount,transaction_type,merchant_category,device_type,location,customer_tenure_months,avg_monthly_spend,transactions_last_24h,is_international,fraud_flag
T10000,C8270,01-01-2024 00:00,12442,Card,Fashion,Mobile,Mumbai,12,17953,8,1,0
T10001,C1860,01-01-2024 01:00,40906,UPI,Food,Mobile,Chennai,14,9276,9,0,0
T10002,C6390,01-01-2024 02:00,48870,UPI,Grocery,Mobile,Delhi,24,8739,8,0,0
T10003,C6191,01-01-2024 03:00,78723,Card,Grocery,Mobile,Kolkata,22,23657,2,0,0
T10004,C6734,01-01-2024 04:00,99885,UPI,Food,Mobile,Pune,59,28957,7,0,0
T10005,C7265,01-01-2024 05:00,75729,Wallet,Travel,Mobile,Chennai,21,9523,2,0,0
T10006,C1466,01-01-2024 06:00,52703,UPI,Electronics,Mobile,Pune,25,24387,11,1,0
T10007,C5426,01-01-2024 07:00,82074,UPI,Grocery,Mobile,Bangalore,32,27422,2,0,0
T10008,C6578,01-01-2024 08:00,26499,Card,Electronics,Mobile,Delhi,10,17993,4,0,0
T10009,C9322,01-01-2024 09:00,85482,UPI,Food,Web,Bangalore,9,15873,1,1,0
T10010,C2685,01-01-2024 10:00,81344,Card,Travel,Mobile,Delhi,24,25990,5,0,0
T10011,C1769,01-01-2024 11:00,76634,UPI,Travel,Mobile,Chennai,36,16419,6,0,0
T10012,C7949,01-01-2024 12:00,55206,UPI,Travel,Web,Hyderabad,47,17457,9,0,0
T10013,C3433,01-01-2024 13:00,30778,Card,Food,Mobile,Pune,42,5064,10,0,0
T10014,C6311,01-01-2024 14:00,76318,Card,Fashion,Mobile,Pune,52,8315,8,0,0
T10015,C6051,01-01-2024 15:00,63330,Card,Fashion,Mobile,Mumbai,37,13566,2,0,0
T10016,C7420,01-01-2024 16:00,74155,Card,Electronics,Mobile,Kolkata,40,3317,1,0,0
T10017,C2184,01-01-2024 17:00,56473,Card,Fashion,Mobile,Bangalore,44,20886,2,0,0
T10018,C5555,01-01-2024 18:00,31580,UPI,Fashion,Mobile,Pune,23,9130,7,0,0
T10019,C4385,01-01-2024 19:00,85330,UPI,Travel,Mobile,Chennai,39,10419,4,1,0
T10020,C7396,01-01-2024 20:00,68936,Wallet,Travel,Mobile,Hyderabad,45,5042,10,0,0
T10021,C9666,01-01-2024 21:00,72358,Card,Electronics,Web,Kolkata,55,7598,5,0,0
T10022,C3558,01-01-2024 22:00,40086,Card,Grocery,Web,Chennai,32,13214,7,0,0
T10023,C8849,01-01-2024 23:00,24260,UPI,Electronics,Mobile,Bangalore,16,3118,3,0,0
T10024,C3047,02-01-2024 00:00,85695,UPI,Electronics,Web,Mumbai,23,3709,10,0,0
T10025,C3747,02-01-2024 01:00,79211,Card,Food,Mobile,Pune,36,18857,2,0,0
T10026,C1189,02-01-2024 02:00,65029,Wallet,Food,Mobile,Chennai,56,22941,7,1,0
T10027,C3734,02-01-2024 03:00,73606,Card,Electronics,Web,Kolkata,1,15601,5,1,0
T10028,C4005,02-01-2024 04:00,35011,Card,Electronics,Mobile,Delhi,31,6250,1,0,0
T10029,C5658,02-01-2024 05:00,87227,Card,Electronics,Mobile,Hyderabad,56,11061,1,0,0
T10030,C2899,02-01-2024 06:00,31921,UPI,Fashion,Mobile,Kolkata,59,11609,9,0,0
T10031,C8734,02-01-2024 07:00,75139,UPI,Food,Mobile,Chennai,23,5603,5,0,0
T10032,C2267,02-01-2024 08:00,60635,UPI,Electronics,Web,Hyderabad,8,15046,1,0,0
T10033,C2528,02-01-2024 09:00,84558,UPI,Travel,Web,Pune,3,20485,7,0,1
T10034,C4556,02-01-2024 10:00,12275,Wallet,Travel,Web,Delhi,16,23805,9,0,0
T10035,C4890,02-01-2024 11:00,54871,Card,Fashion,Web,Mumbai,16,10857,11,0,0
T10036,C9838,02-01-2024 12:00,87025,Card,Fashion,Mobile,Kolkata,52,14620,1,0,0
T10037,C6393,02-01-2024 13:00,66458,UPI,Grocery,Mobile,Mumbai,49,11177,10,0,0
T10038,C9792,02-01-2024 14:00,17427,UPI,Grocery,Mobile,Delhi,47,25466,4,0,0
T10039,C9433,02-01-2024 15:00,47157,UPI,Grocery,Mobile,Hyderabad,29,26042,3,1,0
T10040,C8513,02-01-2024 16:00,6250,UPI,Fashion,Mobile,Pune,39,21645,5,0,0
T10041,C3612,02-01-2024 17:00,4525,Card,Fashion,Web,Chennai,57,27405,7,0,0
T10042,C8041,02-01-2024 18:00,16132,UPI,Fashion,Mobile,Delhi,10,14826,8,0,0
T10043,C7235,02-01-2024 19:00,2298,Card,Travel,Mobile,Bangalore,20,16890,2,0,0
T10044,C6486,02-01-2024 20:00,60600,UPI,Fashion,Mobile,Hyderabad,20,19892,7,0,0
T10045,C8099,02-01-2024 21:00,53494,UPI,Travel,Mobile,Mumbai,17,21763,1,0,0
T10046,C1775,02-01-2024 22:00,20179,UPI,Grocery,Web,Kolkata,54,28263,7,0,0
T10047,C9226,02-01-2024 23:00,36320,Card,Grocery,Mobile,Delhi,28,24136,8,1,0
T10048,C4152,03-01-2024 00:00,41974,Card,Grocery,Mobile,Mumbai,23,16830,2,0,0
T10049,C2585,03-01-2024 01:00,13959,UPI,Electronics,Web,Hyderabad,9,12484,9,0,0
T10050,C4943,03-01-2024 02:00,50560,UPI,Electronics,Mobile,Mumbai,44,8495,1,0,0
T10051,C8555,03-01-2024 03:00,31519,Card,Food,Mobile,Delhi,16,14267,6,0,0
T10052,C4073,03-01-2024 04:00,8805,UPI,Food,Mobile,Hyderabad,17,22593,1,0,0
T10053,C2021,03-01-2024 05:00,42980,UPI,Food,Web,Bangalore,41,10398,3,0,0
T10054,C4843,03-01-2024 06:00,23336,Card,Electronics,Mobile,Delhi,47,9743,11,0,0
T10055,C8989,03-01-2024 07:00,88055,Card,Electronics,Web,Chennai,19,25032,6,0,0
T10056,C7873,03-01-2024 08:00,85614,UPI,Food,Web,Pune,36,8171,3,0,0
T10057,C6675,03-01-2024 09:00,15458,Wallet,Food,Mobile,Delhi,44,19005,8,1,0
T10058,C1161,03-01-2024 10:00,99813,Card,Fashion,Web,Hyderabad,17,27274,5,0,0
T10059,C5297,03-01-2024 11:00,95014,UPI,Food,Web,Kolkata,16,19708,2,0,0
T10060,C1995,03-01-2024 12:00,77018,Card,Fashion,Web,Pune,8,29569,4,0,0
T10061,C8629,03-01-2024 13:00,14696,Card,Travel,Web,Delhi,13,16004,9,0,0
T10062,C2016,03-01-2024 14:00,33672,UPI,Electronics,Mobile,Bangalore,48,13962,4,0,0
T10063,C8869,03-01-2024 15:00,78857,UPI,Food,Mobile,Kolkata,28,13775,10,0,0
T10064,C7439,03-01-2024 16:00,1379,UPI,Electronics,Mobile,Bangalore,30,6557,10,0,0
T10065,C8892,03-01-2024 17:00,63297,Card,Electronics,Mobile,Chennai,3,6587,8,0,1
T10066,C7863,03-01-2024 18:00,62616,UPI,Electronics,Mobile,Kolkata,17,19535,5,0,0
T10067,C8916,03-01-2024 19:00,7183,Card,Travel,Web,Mumbai,58,3954,11,0,0
T10068,C9529,03-01-2024 20:00,17871,Card,Grocery,Web,Kolkata,19,16794,11,0,0
T10069,C1878,03-01-2024 21:00,30075,UPI,Food,Mobile,Pune,55,23738,10,0,0
T10070,C5887,03-01-2024 22:00,45748,Card,Grocery,Web,Kolkata,55,29947,1,0,0
T10071,C5859,03-01-2024 23:00,48385,UPI,Grocery,Web,Hyderabad,46,26544,7,0,0
T10072,C7331,04-01-2024 00:00,19163,Card,Grocery,Mobile,Hyderabad,42,28767,3,0,0
T10073,C9571,04-01-2024 01:00,67742,Card,Electronics,Mobile,Mumbai,43,3687,10,0,0
T10074,C9684,04-01-2024 02:00,90193,UPI,Fashion,Mobile,Kolkata,8,11501,8,0,0
T10075,C8208,04-01-2024 03:00,86243,Card,Electronics,Web,Bangalore,12,18138,3,0,0
T10076,C6276,04-01-2024 04:00,37699,UPI,Electronics,Mobile,Bangalore,14,12694,1,0,0
T10077,C3062,04-01-2024 05:00,52020,UPI,Grocery,Mobile,Delhi,26,6127,5,0,0
T10078,C1064,04-01-2024 06:00,28629,UPI,Electronics,Mobile,Chennai,14,26147,2,1,0
T10079,C9006,04-01-2024 07:00,36054,UPI,Grocery,Web,Pune,27,15760,11,0,0
T10080,C3568,04-01-2024 08:00,27956,Wallet,Fashion,Web,Chennai,36,14559,4,0,0
T10081,C6463,04-01-2024 09:00,2673,UPI,Food,Web,Kolkata,54,17796,1,0,0
T10082,C3027,04-01-2024 10:00,78444,UPI,Grocery,Web,Chennai,18,6395,9,0,0
T10083,C3695,04-01-2024 11:00,35467,Card,Fashion,Web,Delhi,25,28389,6,1,0
T10084,C6258,04-01-2024 12:00,99708,UPI,Food,Web,Chennai,51,3845,8,1,0
T10085,C6618,04-01-2024 13:00,60874,Wallet,Travel,Web,Mumbai,25,4164,11,0,0
T10086,C7736,04-01-2024 14:00,23852,Card,Grocery,Web,Delhi,24,15954,4,0,0
T10087,C1391,04-01-2024 15:00,55129,Card,Grocery,Mobile,Mumbai,25,8904,9,0,0
T10088,C6892,04-01-2024 16:00,17785,UPI,Travel,Mobile,Kolkata,25,16731,2,0,0
T10089,C4561,04-01-2024 17:00,51793,UPI,Travel,Mobile,Delhi,45,29343,9,0,0
T10090,C7184,04-01-2024 18:00,56061,UPI,Grocery,Mobile,Kolkata,27,24744,5,0,0
T10091,C4099,04-01-2024 19:00,77008,Card,Travel,Mobile,Kolkata,48,3354,6,1,0
T10092,C7278,04-01-2024 20:00,74632,UPI,Electronics,Mobile,Chennai,17,21256,3,0,0
T10093,C9392,04-01-2024 21:00,82094,UPI,Food,Web,Mumbai,31,21408,4,0,0
T10094,C4104,04-01-2024 22:00,56233,Wallet,Food,Web,Kolkata,52,5817,6,1,0
T10095,C8215,04-01-2024 23:00,97525,Card,Food,Web,Mumbai,2,6832,7,1,1
T10096,C3454,05-01-2024 00:00,61368,UPI,Electronics,Mobile,Mumbai,1,15467,1,0,0
T10097,C9996,05-01-2024 01:00,92301,UPI,Travel,Mobile,Delhi,32,11257,7,0,0
T10098,C3731,05-01-2024 02:00,38343,Wallet,Fashion,Mobile,Hyderabad,41,16107,1,0,0
T10099,C9154,05-01-2024 03:00,57484,UPI,Travel,Mobile,Chennai,18,15458,5,0,0
T10100,C6056,05-01-2024 04:00,31753,Card,Grocery,Mobile,Kolkata,16,13713,6,1,0
T10101,C9110,05-01-2024 05:00,26757,Card,Food,Mobile,Mumbai,43,5581,2,1,0
T10102,C4840,05-01-2024 06:00,40052,UPI,Travel,Web,Pune,32,12582,10,0,0
T10103,C2028,05-01-2024 07:00,22280,Card,Fashion,Web,Hyderabad,11,28706,9,0,0
T10104,C8385,05-01-2024 08:00,97532,UPI,Grocery,Mobile,Kolkata,48,21870,10,0,0
T10105,C1502,05-01-2024 09:00,78511,UPI,Electronics,Mobile,Pune,55,28410,6,1,0
T10106,C7910,05-01-2024 10:00,1722,Card,Electronics,Mobile,Chennai,2,11418,7,0,0
T10107,C7938,05-01-2024 11:00,48856,Wallet,Fashion,Mobile,Chennai,42,21827,10,0,0
T10108,C5488,05-01-2024 12:00,40909,Card,Grocery,Web,Mumbai,48,28303,8,0,0
T10109,C1206,05-01-2024 13:00,16825,Card,Food,Mobile,Mumbai,54,17419,11,0,0
T10110,C6134,05-01-2024 14:00,61496,UPI,Travel,Mobile,Kolkata,25,14814,10,0,0
T10111,C6977,05-01-2024 15:00,51326,UPI,Grocery,Mobile,Delhi,34,4036,1,0,0
T10112,C8721,05-01-2024 16:00,81282,UPI,Electronics,Mobile,Hyderabad,7,13024,8,1,0
T10113,C8035,05-01-2024 17:00,82665,UPI,Fashion,Mobile,Kolkata,51,13932,4,1,0
T10114,C2484,05-01-2024 18:00,29502,UPI,Fashion,Web,Hyderabad,35,28068,10,0,0
T10115,C8858,05-01-2024 19:00,4363,UPI,Travel,Mobile,Mumbai,52,10435,8,0,0
T10116,C1863,05-01-2024 20:00,96623,UPI,Fashion,Mobile,Chennai,53,4548,6,0,0
T10117,C3790,05-01-2024 21:00,46928,UPI,Fashion,Mobile,Mumbai,6,28719,11,0,0
T10118,C8408,05-01-2024 22:00,48024,Card,Grocery,Mobile,Chennai,45,8065,9,0,0
T10119,C9755,05-01-2024 23:00,74282,Card,Food,Web,Kolkata,45,25880,11,1,0
T10120,C6116,06-01-2024 00:00,93165,UPI,Travel,Mobile,Chennai,35,25567,4,0,0
T10121,C7019,06-01-2024 01:00,59152,Wallet,Grocery,Mobile,Mumbai,15,23341,2,0,0
T10122,C2757,06-01-2024 02:00,11764,Wallet,Food,Mobile,Bangalore,23,6407,2,1,0
T10123,C8574,06-01-2024 03:00,35837,UPI,Grocery,Mobile,Hyderabad,53,3639,5,1,0
T10124,C7374,06-01-2024 04:00,89663,Card,Grocery,Mobile,Pune,0,3172,10,0,1
T10125,C7892,06-01-2024 05:00,29473,Card,Fashion,Mobile,Chennai,48,8666,9,0,0
T10126,C2678,06-01-2024 06:00,36497,Card,Food,Mobile,Chennai,24,7354,3,0,0
T10127,C4242,06-01-2024 07:00,86245,UPI,Travel,Web,Bangalore,9,23343,8,0,0
T10128,C5636,06-01-2024 08:00,38809,Card,Travel,Mobile,Kolkata,53,28092,4,0,0
T10129,C2059,06-01-2024 09:00,61220,UPI,Food,Web,Kolkata,15,28098,6,0,0
T10130,C7668,06-01-2024 10:00,19350,Card,Fashion,Mobile,Kolkata,15,13109,10,1,0
T10131,C4157,06-01-2024 11:00,21272,Card,Electronics,Web,Pune,57,5886,6,0,0
T10132,C6915,06-01-2024 12:00,11655,Card,Grocery,Web,Delhi,7,5164,3,0,0
T10133,C3693,06-01-2024 13:00,87510,Card,Fashion,Mobile,Bangalore,28,29505,5,0,0
T10134,C4627,06-01-2024 14:00,78717,Card,Food,Web,Pune,38,6945,3,0,0
T10135,C6450,06-01-2024 15:00,53376,UPI,Grocery,Mobile,Bangalore,27,24619,11,0,0
T10136,C2663,06-01-2024 16:00,57592,UPI,Travel,Web,Chennai,5,13401,11,0,1
T10137,C6592,06-01-2024 17:00,53102,Card,Electronics,Mobile,Hyderabad,15,10746,1,0,0
T10138,C8392,06-01-2024 18:00,89699,UPI,Travel,Mobile,Bangalore,19,14975,7,0,0
T10139,C2306,06-01-2024 19:00,72455,UPI,Food,Mobile,Delhi,15,21974,4,0,0
T10140,C7776,06-01-2024 20:00,91348,UPI,Grocery,Web,Mumbai,6,10754,7,0,0
T10141,C6864,06-01-2024 21:00,24862,UPI,Food,Mobile,Pune,40,18596,3,0,0
T10142,C8526,06-01-2024 22:00,11146,Wallet,Grocery,Mobile,Bangalore,13,24318,11,0,0
T10143,C9901,06-01-2024 23:00,97099,Card,Fashion,Web,Bangalore,42,23460,5,0,0
T10144,C6575,07-01-2024 00:00,28869,Wallet,Electronics,Web,Delhi,25,8185,5,0,0
T10145,C6530,07-01-2024 01:00,53402,Card,Fashion,Mobile,Hyderabad,25,4093,2,1,0
T10146,C5413,07-01-2024 02:00,23250,Card,Fashion,Mobile,Bangalore,13,6880,11,1,0
T10147,C4748,07-01-2024 03:00,68347,UPI,Food,Mobile,Bangalore,6,13686,10,0,0
T10148,C1663,07-01-2024 04:00,4953,Card,Electronics,Mobile,Hyderabad,32,25943,2,0,0
T10149,C2998,07-01-2024 05:00,94713,UPI,Grocery,Mobile,Delhi,25,13771,4,0,0
T10150,C8994,07-01-2024 06:00,89499,Wallet,Grocery,Web,Pune,56,13680,4,0,0
T10151,C2495,07-01-2024 07:00,21892,Card,Travel,Mobile,Pune,44,5785,4,0,0
T10152,C4304,07-01-2024 08:00,59229,UPI,Grocery,Mobile,Bangalore,19,25449,6,1,0
T10153,C4763,07-01-2024 09:00,74578,Wallet,Food,Mobile,Hyderabad,2,17799,2,1,0
T10154,C6232,07-01-2024 10:00,67398,Card,Fashion,Mobile,Bangalore,51,19280,6,0,0
T10155,C2853,07-01-2024 11:00,32087,Card,Fashion,Mobile,Kolkata,3,9539,7,0,1
T10156,C7585,07-01-2024 12:00,15950,UPI,Fashion,Mobile,Mumbai,25,20958,11,0,0
T10157,C2291,07-01-2024 13:00,12212,Card,Electronics,Mobile,Pune,10,19016,10,0,0
T10158,C4581,07-01-2024 14:00,24158,Card,Grocery,Web,Kolkata,1,25060,3,0,0
T10159,C8554,07-01-2024 15:00,45520,UPI,Food,Mobile,Chennai,13,17730,11,0,0
T10160,C8280,07-01-2024 16:00,38990,UPI,Electronics,Web,Mumbai,43,13565,8,0,0
T10161,C2636,07-01-2024 17:00,66117,Card,Travel,Web,Bangalore,29,11060,2,0,0
T10162,C4696,07-01-2024 18:00,47404,UPI,Food,Mobile,Delhi,48,6990,11,0,0
T10163,C1698,07-01-2024 19:00,33021,Card,Food,Web,Pune,11,24594,8,0,0
T10164,C5737,07-01-2024 20:00,1624,Wallet,Food,Mobile,Chennai,25,24229,11,0,0
T10165,C1854,07-01-2024 21:00,15148,Wallet,Fashion,Mobile,Mumbai,43,28669,5,0,0
T10166,C9164,07-01-2024 22:00,35211,UPI,Food,Web,Pune,32,20573,2,0,0
T10167,C6855,07-01-2024 23:00,38004,Wallet,Grocery,Mobile,Hyderabad,12,22073,7,0,0
T10168,C8392,08-01-2024 00:00,55012,UPI,Food,Mobile,Delhi,13,7095,2,0,0
T10169,C7528,08-01-2024 01:00,34108,UPI,Fashion,Web,Mumbai,23,17549,6,0,0
T10170,C6249,08-01-2024 02:00,160,Card,Food,Mobile,Hyderabad,33,21259,10,0,0
T10171,C6172,08-01-2024 03:00,74766,UPI,Travel,Mobile,Kolkata,43,27152,3,0,0
T10172,C2707,08-01-2024 04:00,83659,UPI,Travel,Web,Bangalore,25,22790,9,1,0
T10173,C6791,08-01-2024 05:00,55437,Card,Fashion,Mobile,Hyderabad,20,12979,3,0,0
T10174,C6535,08-01-2024 06:00,13450,UPI,Grocery,Mobile,Mumbai,27,23316,11,0,0
T10175,C5931,08-01-2024 07:00,24454,UPI,Grocery,Mobile,Mumbai,47,29183,3,0,0
T10176,C4510,08-01-2024 08:00,45286,Card,Electronics,Mobile,Kolkata,35,27624,5,0,0
T10177,C1202,08-01-2024 09:00,28245,Card,Fashion,Mobile,Bangalore,39,8408,7,0,0
T10178,C5218,08-01-2024 10:00,34120,Card,Food,Web,Hyderabad,1,23245,8,1,0
T10179,C9958,08-01-2024 11:00,86223,UPI,Fashion,Mobile,Hyderabad,41,16937,11,0,0
T10180,C5389,08-01-2024 12:00,75286,UPI,Electronics,Mobile,Bangalore,8,26790,7,0,0
T10181,C3327,08-01-2024 13:00,85569,UPI,Fashion,Web,Hyderabad,22,29756,9,1,0
T10182,C9004,08-01-2024 14:00,20681,UPI,Fashion,Web,Pune,14,5833,5,0,0
T10183,C3931,08-01-2024 15:00,89029,Card,Electronics,Mobile,Bangalore,12,8285,10,0,0
T10184,C8777,08-01-2024 16:00,23151,UPI,Grocery,Mobile,Delhi,22,12589,11,0,0
T10185,C1197,08-01-2024 17:00,51574,UPI,Food,Mobile,Mumbai,16,17708,3,0,0
T10186,C8125,08-01-2024 18:00,91848,Card,Electronics,Mobile,Delhi,47,17116,6,0,0
T10187,C2930,08-01-2024 19:00,69726,Card,Travel,Mobile,Pune,59,10645,5,0,0
T10188,C7287,08-01-2024 20:00,7060,Card,Grocery,Mobile,Kolkata,1,15018,4,0,0
T10189,C9800,08-01-2024 21:00,35872,UPI,Travel,Web,Pune,19,28407,2,0,0
T10190,C5282,08-01-2024 22:00,21620,UPI,Grocery,Web,Chennai,19,13889,7,0,0
T10191,C3511,08-01-2024 23:00,49581,UPI,Food,Mobile,Chennai,58,7777,5,0,0
T10192,C1659,09-01-2024 00:00,36508,UPI,Food,Mobile,Chennai,45,18994,4,0,0
T10193,C3811,09-01-2024 01:00,94106,Card,Fashion,Mobile,Bangalore,2,5735,8,0,1
T10194,C8098,09-01-2024 02:00,57234,Card,Travel,Mobile,Hyderabad,54,16611,9,0,0
T10195,C7546,09-01-2024 03:00,20591,Card,Grocery,Mobile,Pune,11,27657,9,1,0
T10196,C2986,09-01-2024 04:00,1441,Card,Food,Web,Delhi,39,27662,3,0,0
T10197,C9338,09-01-2024 05:00,44723,UPI,Electronics,Mobile,Kolkata,1,9368,3,0,0
T10198,C3911,09-01-2024 06:00,90427,Card,Food,Mobile,Delhi,35,29639,5,0,0
T10199,C2734,09-01-2024 07:00,438,UPI,Electronics,Web,Delhi,13,20205,5,0,0
T10200,C2843,09-01-2024 08:00,71531,Card,Grocery,Mobile,Delhi,15,26909,10,0,0
T10201,C9680,09-01-2024 09:00,12354,Card,Food,Mobile,Kolkata,18,3162,2,0,0
T10202,C3976,09-01-2024 10:00,51960,UPI,Food,Mobile,Chennai,33,10777,1,0,0
T10203,C2959,09-01-2024 11:00,11444,UPI,Grocery,Mobile,Delhi,43,17849,8,0,0
T10204,C6759,09-01-2024 12:00,1850,Wallet,Food,Web,Kolkata,45,29973,3,0,0
T10205,C7694,09-01-2024 13:00,54856,UPI,Electronics,Mobile,Kolkata,5,21316,1,0,0
T10206,C3385,09-01-2024 14:00,68057,UPI,Food,Mobile,Hyderabad,12,6535,1,0,0
T10207,C5736,09-01-2024 15:00,58153,UPI,Travel,Mobile,Kolkata,35,25340,11,0,0
T10208,C2802,09-01-2024 16:00,70955,Card,Fashion,Web,Chennai,21,22830,2,0,0
T10209,C9155,09-01-2024 17:00,15996,Card,Electronics,Mobile,Delhi,17,16403,6,0,0
T10210,C9120,09-01-2024 18:00,55861,Card,Travel,Mobile,Kolkata,11,17516,6,0,0
T10211,C7616,09-01-2024 19:00,62652,UPI,Grocery,Mobile,Bangalore,51,22174,3,0,0
T10212,C6534,09-01-2024 20:00,77554,Card,Electronics,Mobile,Kolkata,58,22091,4,0,0
T10213,C5061,09-01-2024 21:00,90700,UPI,Fashion,Mobile,Mumbai,53,10959,2,0,0
T10214,C1262,09-01-2024 22:00,28035,Card,Fashion,Mobile,Mumbai,29,6933,2,0,0
T10215,C7287,09-01-2024 23:00,37741,Card,Grocery,Mobile,Mumbai,52,6385,7,0,0
T10216,C9815,10-01-2024 00:00,29811,UPI,Grocery,Mobile,Kolkata,50,26020,1,0,0
T10217,C3049,10-01-2024 01:00,70442,UPI,Electronics,Web,Chennai,39,3922,7,0,0
T10218,C6423,10-01-2024 02:00,12282,UPI,Food,Mobile,Delhi,6,27473,1,0,0
T10219,C5548,10-01-2024 03:00,87933,UPI,Grocery,Mobile,Pune,31,13367,6,0,0
T10220,C4108,10-01-2024 04:00,56376,UPI,Food,Mobile,Pune,47,16737,3,1,0
T10221,C8158,10-01-2024 05:00,19641,Card,Travel,Web,Pune,18,29158,8,0,0
T10222,C8400,10-01-2024 06:00,94557,Card,Fashion,Mobile,Chennai,5,3564,6,0,1
T10223,C4170,10-01-2024 07:00,82410,UPI,Food,Web,Hyderabad,19,22642,11,1,0
T10224,C3255,10-01-2024 08:00,44913,UPI,Fashion,Web,Bangalore,26,13789,2,0,0
T10225,C2154,10-01-2024 09:00,37298,UPI,Food,Mobile,Bangalore,52,5500,8,0,0
T10226,C5499,10-01-2024 10:00,8920,Wallet,Travel,Web,Mumbai,42,23950,5,0,0
T10227,C7295,10-01-2024 11:00,24170,UPI,Grocery,Mobile,Mumbai,36,28563,8,0,0
T10228,C7197,10-01-2024 12:00,69868,Card,Travel,Mobile,Kolkata,47,9881,8,0,0
T10229,C2648,10-01-2024 13:00,11222,Card,Grocery,Web,Pune,6,6636,6,0,0
T10230,C6539,10-01-2024 14:00,80659,Card,Grocery,Web,Kolkata,58,25414,2,0,0
T10231,C5199,10-01-2024 15:00,73643,Wallet,Fashion,Mobile,Pune,4,3223,8,0,1
T10232,C9445,10-01-2024 16:00,83541,UPI,Travel,Mobile,Mumbai,10,9297,11,0,0
T10233,C3557,10-01-2024 17:00,41886,Wallet,Food,Mobile,Delhi,14,17895,6,0,0
T10234,C6592,10-01-2024 18:00,95034,UPI,Travel,Web,Hyderabad,2,3350,6,0,1
T10235,C1098,10-01-2024 19:00,99904,UPI,Fashion,Mobile,Kolkata,57,26698,8,0,0
T10236,C3200,10-01-2024 20:00,6837,Card,Grocery,Mobile,Hyderabad,4,21312,1,0,0
T10237,C3961,10-01-2024 21:00,36162,Wallet,Fashion,Mobile,Hyderabad,22,27127,2,0,0
T10238,C5973,10-01-2024 22:00,54337,Card,Electronics,Mobile,Hyderabad,52,27924,9,0,0
T10239,C5433,10-01-2024 23:00,51671,UPI,Electronics,Web,Mumbai,36,7732,11,0,0
T10240,C3869,11-01-2024 00:00,25610,UPI,Food,Mobile,Bangalore,8,4017,8,0,0
T10241,C1956,11-01-2024 01:00,19526,Wallet,Fashion,Web,Mumbai,14,21610,7,0,0
T10242,C9352,11-01-2024 02:00,37365,UPI,Food,Mobile,Hyderabad,2,26590,7,0,0
T10243,C6699,11-01-2024 03:00,17950,Card,Food,Web,Mumbai,28,18229,5,1,0
T10244,C7944,11-01-2024 04:00,66250,Card,Electronics,Mobile,Hyderabad,5,10170,2,0,0
T10245,C5493,11-01-2024 05:00,87412,Card,Food,Mobile,Chennai,16,16303,11,0,0
T10246,C5911,11-01-2024 06:00,89713,UPI,Electronics,Mobile,Pune,25,9207,6,0,0
T10247,C4987,11-01-2024 07:00,75010,Card,Grocery,Mobile,Bangalore,20,15316,10,0,0
T10248,C7015,11-01-2024 08:00,52475,UPI,Fashion,Mobile,Chennai,7,5419,3,0,0
T10249,C2218,11-01-2024 09:00,35535,Wallet,Food,Web,Delhi,20,9240,4,0,0
T10250,C5496,11-01-2024 10:00,96543,Card,Electronics,Mobile,Mumbai,56,4893,10,0,0
T10251,C5735,11-01-2024 11:00,57232,Wallet,Travel,Mobile,Delhi,10,16753,11,1,0
T10252,C5555,11-01-2024 12:00,79045,UPI,Food,Mobile,Kolkata,37,8322,2,0,0
T10253,C9050,11-01-2024 13:00,82150,Wallet,Grocery,Mobile,Mumbai,7,14232,2,0,0
T10254,C4446,11-01-2024 14:00,95502,UPI,Grocery,Mobile,Pune,41,29644,8,0,0
T10255,C2045,11-01-2024 15:00,3083,UPI,Travel,Web,Chennai,23,27102,8,1,0
T10256,C7893,11-01-2024 16:00,97341,UPI,Electronics,Web,Pune,34,26262,10,0,0
T10257,C2693,11-01-2024 17:00,20762,Card,Food,Mobile,Kolkata,54,20509,6,0,0
T10258,C4436,11-01-2024 18:00,23610,Card,Electronics,Mobile,Hyderabad,13,6117,5,1,0
T10259,C9754,11-01-2024 19:00,78287,Card,Grocery,Mobile,Pune,54,7161,8,0,0
T10260,C6895,11-01-2024 20:00,41098,UPI,Electronics,Mobile,Pune,13,18523,4,0,0
T10261,C4354,11-01-2024 21:00,56946,UPI,Grocery,Mobile,Hyderabad,9,7042,11,0,0
T10262,C1225,11-01-2024 22:00,94171,Card,Electronics,Mobile,Mumbai,11,7433,4,0,0
T10263,C5893,11-01-2024 23:00,6740,UPI,Travel,Mobile,Hyderabad,37,29746,5,0,0
T10264,C8022,12-01-2024 00:00,44647,Card,Fashion,Mobile,Chennai,43,17016,1,0,0
T10265,C6600,12-01-2024 01:00,54720,Wallet,Travel,Web,Pune,54,28022,1,0,0
T10266,C8996,12-01-2024 02:00,15417,Wallet,Travel,Mobile,Hyderabad,45,5658,2,0,0
T10267,C8683,12-01-2024 03:00,7664,Wallet,Fashion,Mobile,Kolkata,33,13910,8,0,0
T10268,C5642,12-01-2024 04:00,27445,Card,Fashion,Mobile,Kolkata,40,22867,7,0,0
T10269,C8679,12-01-2024 05:00,94323,UPI,Food,Mobile,Pune,9,5944,10,0,0
T10270,C9208,12-01-2024 06:00,79373,UPI,Food,Web,Chennai,57,10210,9,0,0
T10271,C8339,12-01-2024 07:00,74959,Card,Travel,Web,Delhi,16,27037,5,0,0
T10272,C3205,12-01-2024 08:00,80865,Card,Travel,Web,Chennai,16,11787,2,0,0
T10273,C2069,12-01-2024 09:00,74138,UPI,Grocery,Mobile,Bangalore,2,4986,7,0,1
T10274,C4444,12-01-2024 10:00,52493,UPI,Grocery,Web,Bangalore,30,13942,8,0,0
T10275,C2060,12-01-2024 11:00,66181,UPI,Food,Mobile,Bangalore,50,20458,7,0,0
T10276,C3327,12-01-2024 12:00,29530,Card,Food,Web,Pune,0,15161,7,0,0
T10277,C4420,12-01-2024 13:00,75632,Wallet,Grocery,Mobile,Kolkata,11,23689,5,0,0
T10278,C1301,12-01-2024 14:00,27888,Card,Grocery,Web,Mumbai,38,6007,2,0,0
T10279,C1606,12-01-2024 15:00,95605,UPI,Electronics,Web,Kolkata,3,3969,6,0,1
T10280,C4170,12-01-2024 16:00,48643,Wallet,Electronics,Web,Mumbai,41,11772,4,0,0
T10281,C1699,12-01-2024 17:00,14019,Card,Grocery,Mobile,Mumbai,12,5824,10,0,0
T10282,C6088,12-01-2024 18:00,69446,UPI,Electronics,Mobile,Kolkata,33,4211,2,0,0
T10283,C1190,12-01-2024 19:00,96222,UPI,Fashion,Web,Pune,41,3229,9,1,0
T10284,C1980,12-01-2024 20:00,40074,UPI,Food,Mobile,Chennai,20,23668,7,0,0
T10285,C3975,12-01-2024 21:00,16471,UPI,Food,Web,Mumbai,21,18774,6,0,0
T10286,C7102,12-01-2024 22:00,45184,Wallet,Grocery,Mobile,Delhi,56,17345,5,0,0
T10287,C2184,12-01-2024 23:00,29729,Card,Travel,Mobile,Kolkata,3,6185,3,0,0
T10288,C4327,13-01-2024 00:00,51284,Wallet,Grocery,Web,Kolkata,17,18011,10,1,0
T10289,C4394,13-01-2024 01:00,62016,UPI,Electronics,Mobile,Bangalore,4,19885,10,0,1
T10290,C9319,13-01-2024 02:00,74072,UPI,Travel,Mobile,Chennai,18,29708,4,0,0
T10291,C2816,13-01-2024 03:00,62287,Card,Electronics,Mobile,Bangalore,1,3048,3,0,0
T10292,C6854,13-01-2024 04:00,13084,UPI,Fashion,Mobile,Kolkata,11,22950,11,0,0
T10293,C7709,13-01-2024 05:00,33139,Card,Electronics,Web,Kolkata,16,18173,8,0,0
T10294,C1569,13-01-2024 06:00,85531,Wallet,Fashion,Mobile,Mumbai,9,22439,3,0,0
T10295,C6442,13-01-2024 07:00,83791,Card,Fashion,Web,Chennai,33,28264,7,0,0
T10296,C2895,13-01-2024 08:00,58706,Card,Electronics,Web,Hyderabad,5,19770,7,0,0
T10297,C3733,13-01-2024 09:00,10716,UPI,Electronics,Mobile,Delhi,7,3969,7,0,0
T10298,C4863,13-01-2024 10:00,50172,UPI,Fashion,Web,Mumbai,50,28581,7,0,0
T10299,C8455,13-01-2024 11:00,24674,UPI,Travel,Mobile,Kolkata,10,17553,2,0,0
T10300,C5014,13-01-2024 12:00,3530,Card,Fashion,Mobile,Mumbai,56,8820,10,0,0
T10301,C2686,13-01-2024 13:00,12776,UPI,Food,Web,Delhi,11,17292,3,0,0
T10302,C4009,13-01-2024 14:00,10916,UPI,Fashion,Mobile,Kolkata,8,6052,10,0,0
T10303,C8806,13-01-2024 15:00,32833,Card,Travel,Mobile,Delhi,1,14609,9,0,0
T10304,C1154,13-01-2024 16:00,85780,UPI,Food,Mobile,Hyderabad,7,26781,3,0,0
T10305,C2409,13-01-2024 17:00,2150,UPI,Grocery,Mobile,Mumbai,57,5302,2,1,0
T10306,C1784,13-01-2024 18:00,34033,UPI,Grocery,Mobile,Pune,10,5283,9,0,0
T10307,C9096,13-01-2024 19:00,25051,Wallet,Travel,Web,Mumbai,59,18385,10,0,0
T10308,C8560,13-01-2024 20:00,32513,Card,Fashion,Mobile,Bangalore,52,12799,9,0,0
T10309,C8343,13-01-2024 21:00,34901,Card,Electronics,Mobile,Chennai,35,18620,4,0,0
T10310,C8206,13-01-2024 22:00,55719,UPI,Travel,Mobile,Chennai,9,23750,9,0,0
T10311,C6596,13-01-2024 23:00,33013,Wallet,Food,Mobile,Bangalore,20,3122,3,0,0
T10312,C6801,14-01-2024 00:00,40700,Card,Food,Mobile,Kolkata,19,26183,7,0,0
T10313,C3806,14-01-2024 01:00,57875,UPI,Grocery,Mobile,Chennai,47,12472,7,1,0
T10314,C1537,14-01-2024 02:00,90916,Wallet,Food,Mobile,Delhi,7,6727,11,0,0
T10315,C6986,14-01-2024 03:00,90193,UPI,Travel,Mobile,Chennai,35,16732,8,0,0
T10316,C2841,14-01-2024 04:00,35500,Card,Food,Mobile,Chennai,28,27834,10,0,0
T10317,C9716,14-01-2024 05:00,4594,Card,Travel,Mobile,Bangalore,41,28523,4,0,0
T10318,C7971,14-01-2024 06:00,80788,UPI,Electronics,Web,Kolkata,11,7958,3,0,0
T10319,C6625,14-01-2024 07:00,89531,Wallet,Grocery,Web,Hyderabad,13,3524,3,0,0
T10320,C3950,14-01-2024 08:00,74791,Card,Food,Mobile,Chennai,47,12079,5,1,0
T10321,C8992,14-01-2024 09:00,97519,Card,Travel,Web,Pune,53,11399,11,1,0
T10322,C5780,14-01-2024 10:00,43101,UPI,Fashion,Web,Chennai,49,19532,1,0,0
T10323,C3368,14-01-2024 11:00,67464,UPI,Grocery,Mobile,Hyderabad,20,27385,10,0,0
T10324,C7655,14-01-2024 12:00,45128,UPI,Electronics,Mobile,Bangalore,21,19821,3,0,0
T10325,C9173,14-01-2024 13:00,97759,Card,Travel,Web,Hyderabad,20,13394,6,0,0
T10326,C5495,14-01-2024 14:00,37673,UPI,Electronics,Web,Bangalore,43,6749,3,0,0
T10327,C7002,14-01-2024 15:00,906,Card,Electronics,Mobile,Delhi,49,14353,5,0,0
T10328,C7614,14-01-2024 16:00,56738,Card,Food,Web,Bangalore,29,17009,9,0,0
T10329,C6919,14-01-2024 17:00,29857,UPI,Food,Mobile,Delhi,38,27570,2,0,0
T10330,C1853,14-01-2024 18:00,34736,Card,Travel,Web,Delhi,19,23837,11,0,0
T10331,C5146,14-01-2024 19:00,80197,UPI,Fashion,Web,Bangalore,23,14437,2,0,0
T10332,C4769,14-01-2024 20:00,48380,Wallet,Travel,Mobile,Pune,22,8336,6,0,0
T10333,C1574,14-01-2024 21:00,24362,Card,Fashion,Web,Mumbai,6,7551,6,0,0
T10334,C2148,14-01-2024 22:00,80535,UPI,Electronics,Mobile,Bangalore,8,5823,11,0,0
T10335,C7293,14-01-2024 23:00,62311,UPI,Grocery,Mobile,Chennai,0,25112,11,0,0
T10336,C7457,15-01-2024 00:00,54942,UPI,Travel,Web,Pune,25,15916,8,0,0
T10337,C8509,15-01-2024 01:00,57079,Card,Travel,Mobile,Pune,37,18167,11,0,0
T10338,C5777,15-01-2024 02:00,81570,Card,Fashion,Mobile,Chennai,37,11677,2,0,0
T10339,C4854,15-01-2024 03:00,38297,Card,Electronics,Mobile,Mumbai,53,17868,9,0,0
T10340,C3491,15-01-2024 04:00,41944,UPI,Electronics,Mobile,Pune,43,11391,2,0,0
T10341,C4124,15-01-2024 05:00,64854,UPI,Fashion,Mobile,Delhi,21,15658,1,0,0
T10342,C6691,15-01-2024 06:00,34257,UPI,Electronics,Web,Mumbai,43,21366,10,0,0
T10343,C4051,15-01-2024 07:00,77229,Card,Food,Mobile,Kolkata,9,26380,2,0,0
T10344,C1004,15-01-2024 08:00,40142,Wallet,Grocery,Mobile,Chennai,54,12663,7,0,0
T10345,C6222,15-01-2024 09:00,61765,UPI,Travel,Mobile,Mumbai,57,5311,8,0,0
T10346,C6315,15-01-2024 10:00,82956,UPI,Grocery,Web,Bangalore,5,10225,5,0,0
T10347,C5869,15-01-2024 11:00,27476,Card,Travel,Web,Mumbai,16,14565,6,0,0
T10348,C1876,15-01-2024 12:00,55654,Card,Food,Web,Delhi,50,13270,1,0,0
T10349,C8027,15-01-2024 13:00,14299,Card,Electronics,Web,Bangalore,49,29097,6,0,0
T10350,C5142,15-01-2024 14:00,81512,Wallet,Fashion,Web,Hyderabad,37,16560,8,0,0
T10351,C7966,15-01-2024 15:00,51048,UPI,Food,Mobile,Chennai,23,19988,3,0,0
T10352,C8079,15-01-2024 16:00,73881,UPI,Grocery,Mobile,Chennai,50,27559,11,1,0
T10353,C8987,15-01-2024 17:00,72850,Wallet,Fashion,Mobile,Mumbai,9,18965,1,0,0
T10354,C7799,15-01-2024 18:00,66362,Card,Electronics,Web,Pune,55,8785,11,0,0
T10355,C5465,15-01-2024 19:00,46700,UPI,Food,Web,Bangalore,7,28993,4,0,0
T10356,C1635,15-01-2024 20:00,76998,Card,Fashion,Mobile,Hyderabad,20,23981,1,0,0
T10357,C2693,15-01-2024 21:00,62583,Card,Food,Web,Bangalore,55,27143,8,0,0
T10358,C5752,15-01-2024 22:00,18397,Card,Food,Mobile,Chennai,5,15067,5,0,0
T10359,C9311,15-01-2024 23:00,30548,Card,Electronics,Mobile,Bangalore,20,26916,1,0,0
T10360,C1830,16-01-2024 00:00,26272,UPI,Travel,Mobile,Hyderabad,56,11740,8,0,0
T10361,C6177,16-01-2024 01:00,42974,Card,Fashion,Mobile,Pune,38,16653,9,0,0
T10362,C9932,16-01-2024 02:00,7757,Card,Electronics,Mobile,Mumbai,23,20222,10,0,0
T10363,C9308,16-01-2024 03:00,84486,Card,Food,Mobile,Delhi,32,6815,2,1,0
T10364,C6949,16-01-2024 04:00,25525,Card,Electronics,Mobile,Bangalore,58,20231,9,0,0
T10365,C3838,16-01-2024 05:00,26785,Card,Travel,Mobile,Delhi,17,7709,8,0,0
T10366,C2150,16-01-2024 06:00,24678,UPI,Fashion,Web,Chennai,55,7507,7,0,0
T10367,C8560,16-01-2024 07:00,28931,Card,Travel,Web,Mumbai,27,9575,3,0,0
T10368,C2931,16-01-2024 08:00,8006,Card,Grocery,Web,Kolkata,56,7773,2,0,0
T10369,C2664,16-01-2024 09:00,61513,Card,Fashion,Mobile,Mumbai,51,15446,7,0,0
T10370,C2081,16-01-2024 10:00,54128,Card,Travel,Mobile,Bangalore,31,23852,5,0,0
T10371,C1512,16-01-2024 11:00,7387,Card,Food,Web,Pune,11,13464,6,0,0
T10372,C8805,16-01-2024 12:00,33760,Card,Fashion,Mobile,Mumbai,47,18864,4,1,0
T10373,C6237,16-01-2024 13:00,75858,Card,Fashion,Mobile,Bangalore,41,24576,2,0,0
T10374,C1559,16-01-2024 14:00,60604,UPI,Electronics,Mobile,Bangalore,26,6320,9,0,0
T10375,C4672,16-01-2024 15:00,59820,UPI,Food,Mobile,Delhi,9,13750,3,0,0
T10376,C8404,16-01-2024 16:00,34801,Card,Grocery,Mobile,Mumbai,45,7698,7,1,0
T10377,C4343,16-01-2024 17:00,83400,Card,Travel,Mobile,Bangalore,56,23695,8,0,0
T10378,C5070,16-01-2024 18:00,17774,UPI,Electronics,Mobile,Delhi,51,29572,2,0,0
T10379,C1580,16-01-2024 19:00,83660,UPI,Travel,Mobile,Hyderabad,41,23057,6,0,0
T10380,C8004,16-01-2024 20:00,23974,Card,Grocery,Mobile,Kolkata,31,20948,11,0,0
T10381,C9130,16-01-2024 21:00,43742,UPI,Grocery,Mobile,Delhi,41,21224,8,1,0
T10382,C4147,16-01-2024 22:00,97920,UPI,Fashion,Mobile,Delhi,25,9058,7,0,0
T10383,C5249,16-01-2024 23:00,65260,UPI,Grocery,Mobile,Bangalore,24,26515,11,0,0
T10384,C2679,17-01-2024 00:00,17702,UPI,Travel,Mobile,Chennai,10,3726,3,0,0
T10385,C4506,17-01-2024 01:00,88901,UPI,Food,Mobile,Chennai,22,28820,1,0,0
T10386,C8253,17-01-2024 02:00,26031,UPI,Food,Mobile,Pune,33,9697,6,0,0
T10387,C3744,17-01-2024 03:00,94477,UPI,Fashion,Mobile,Chennai,56,14910,8,0,0
T10388,C6188,17-01-2024 04:00,29292,Wallet,Travel,Mobile,Delhi,51,12257,6,0,0
T10389,C3141,17-01-2024 05:00,46642,Card,Travel,Web,Pune,39,15963,5,0,0
T10390,C7617,17-01-2024 06:00,42620,Card,Grocery,Mobile,Bangalore,22,19666,11,1,0
T10391,C3479,17-01-2024 07:00,64872,UPI,Travel,Mobile,Mumbai,28,4081,8,0,0
T10392,C7484,17-01-2024 08:00,58862,UPI,Electronics,Mobile,Kolkata,30,23269,2,0,0
T10393,C8421,17-01-2024 09:00,50206,Card,Grocery,Mobile,Kolkata,6,22265,1,0,0
T10394,C5452,17-01-2024 10:00,81221,UPI,Electronics,Mobile,Delhi,39,13776,1,0,0
T10395,C6881,17-01-2024 11:00,25659,Card,Fashion,Mobile,Delhi,32,17196,4,0,0
T10396,C7665,17-01-2024 12:00,33842,Card,Food,Web,Pune,20,22354,6,0,0
T10397,C3849,17-01-2024 13:00,69769,Card,Fashion,Mobile,Bangalore,1,12344,9,0,1
T10398,C8390,17-01-2024 14:00,80299,UPI,Food,Mobile,Hyderabad,17,18958,1,0,0
T10399,C7905,17-01-2024 15:00,21854,UPI,Fashion,Mobile,Delhi,46,26369,1,0,0
T10400,C3489,17-01-2024 16:00,4072,Card,Travel,Web,Hyderabad,32,14689,5,0,0
T10401,C5611,17-01-2024 17:00,70931,UPI,Electronics,Mobile,Hyderabad,36,20331,10,1,0
T10402,C3839,17-01-2024 18:00,41973,Card,Food,Web,Chennai,33,7760,5,0,0
T10403,C9527,17-01-2024 19:00,94761,Card,Grocery,Mobile,Bangalore,19,29293,5,0,0
T10404,C6878,17-01-2024 20:00,10003,Wallet,Electronics,Web,Kolkata,34,16436,10,0,0
T10405,C7303,17-01-2024 21:00,3120,UPI,Grocery,Web,Kolkata,50,3066,6,1,0
T10406,C1851,17-01-2024 22:00,41855,Card,Electronics,Mobile,Hyderabad,49,28212,8,0,0
T10407,C2687,17-01-2024 23:00,86056,Card,Electronics,Mobile,Kolkata,53,27889,3,0,0
T10408,C7833,18-01-2024 00:00,87088,UPI,Fashion,Mobile,Bangalore,17,3564,9,0,0
T10409,C3427,18-01-2024 01:00,45748,UPI,Food,Mobile,Chennai,45,29177,1,0,0
T10410,C5000,18-01-2024 02:00,9616,Card,Food,Web,Bangalore,23,28401,4,0,0
T10411,C6052,18-01-2024 03:00,2496,UPI,Electronics,Mobile,Delhi,7,16393,9,0,0
T10412,C3738,18-01-2024 04:00,84182,UPI,Travel,Mobile,Hyderabad,29,6670,8,0,0
T10413,C6732,18-01-2024 05:00,19229,UPI,Travel,Mobile,Bangalore,43,28601,10,1,0
T10414,C6387,18-01-2024 06:00,1691,Card,Grocery,Web,Kolkata,52,5251,9,0,0
T10415,C9002,18-01-2024 07:00,11403,Card,Grocery,Mobile,Mumbai,9,15949,1,0,0
T10416,C6536,18-01-2024 08:00,30661,Card,Fashion,Mobile,Bangalore,22,3804,9,0,0
T10417,C4913,18-01-2024 09:00,71819,UPI,Electronics,Mobile,Hyderabad,51,24015,3,0,0
T10418,C2066,18-01-2024 10:00,92208,UPI,Grocery,Web,Chennai,48,12583,11,0,0
T10419,C8723,18-01-2024 11:00,99716,Card,Grocery,Mobile,Kolkata,10,20619,10,0,0
T10420,C5380,18-01-2024 12:00,86331,Card,Electronics,Mobile,Chennai,1,26104,9,0,1
T10421,C5107,18-01-2024 13:00,7414,UPI,Fashion,Mobile,Hyderabad,57,15224,1,0,0
T10422,C6726,18-01-2024 14:00,19723,Card,Grocery,Mobile,Kolkata,25,26290,1,0,0
T10423,C4373,18-01-2024 15:00,67775,Wallet,Fashion,Mobile,Delhi,35,9016,9,0,0
T10424,C9945,18-01-2024 16:00,96926,Card,Food,Web,Kolkata,32,16036,11,0,0
T10425,C3082,18-01-2024 17:00,65182,Card,Fashion,Web,Delhi,46,22933,6,0,0
T10426,C9967,18-01-2024 18:00,83724,Wallet,Travel,Mobile,Chennai,12,15392,4,0,0
T10427,C7748,18-01-2024 19:00,33230,UPI,Travel,Web,Chennai,39,10938,7,0,0
T10428,C1417,18-01-2024 20:00,51856,Card,Fashion,Mobile,Hyderabad,24,7141,5,0,0
T10429,C9306,18-01-2024 21:00,97724,Wallet,Travel,Web,Delhi,3,26350,10,0,1
T10430,C9808,18-01-2024 22:00,26392,UPI,Food,Web,Chennai,41,12546,7,0,0
T10431,C4974,18-01-2024 23:00,86306,Card,Electronics,Mobile,Delhi,18,8335,8,0,0
T10432,C4267,19-01-2024 00:00,69374,Card,Travel,Web,Chennai,17,8077,8,0,0
T10433,C1825,19-01-2024 01:00,2569,Card,Travel,Mobile,Kolkata,36,16247,1,0,0
T10434,C8668,19-01-2024 02:00,54047,Card,Fashion,Mobile,Bangalore,29,8611,8,0,0
T10435,C6745,19-01-2024 03:00,22634,Wallet,Food,Mobile,Mumbai,18,29412,6,0,0
T10436,C1412,19-01-2024 04:00,63720,Card,Electronics,Mobile,Kolkata,57,11089,4,0,0
T10437,C8543,19-01-2024 05:00,48974,UPI,Fashion,Web,Pune,22,5892,8,1,0
T10438,C8587,19-01-2024 06:00,49808,Wallet,Fashion,Web,Bangalore,58,8577,3,0,0
T10439,C1728,19-01-2024 07:00,74653,UPI,Food,Mobile,Pune,53,23002,4,0,0
T10440,C8164,19-01-2024 08:00,68444,UPI,Electronics,Web,Chennai,15,20943,6,0,0
T10441,C9867,19-01-2024 09:00,49238,Card,Food,Web,Mumbai,0,9683,11,0,1
T10442,C6988,19-01-2024 10:00,54402,Card,Electronics,Mobile,Mumbai,11,4507,7,0,0
T10443,C3504,19-01-2024 11:00,47738,UPI,Food,Mobile,Chennai,23,19335,4,0,0
T10444,C3967,19-01-2024 12:00,78349,Wallet,Fashion,Mobile,Chennai,33,5063,4,0,0
T10445,C3786,19-01-2024 13:00,2819,Card,Fashion,Mobile,Delhi,52,23026,7,0,0
T10446,C2122,19-01-2024 14:00,22990,Card,Grocery,Web,Chennai,56,5000,6,1,0
T10447,C5079,19-01-2024 15:00,77336,UPI,Travel,Mobile,Hyderabad,7,18566,11,0,0
T10448,C2571,19-01-2024 16:00,36609,Wallet,Food,Web,Chennai,17,4294,8,0,0
T10449,C6073,19-01-2024 17:00,42634,Wallet,Grocery,Mobile,Hyderabad,56,18096,1,0,0
T10450,C6104,19-01-2024 18:00,92341,Card,Travel,Mobile,Chennai,47,7065,10,0,0
T10451,C3143,19-01-2024 19:00,18887,UPI,Food,Mobile,Delhi,4,17090,11,0,0
T10452,C7806,19-01-2024 20:00,48945,UPI,Electronics,Mobile,Hyderabad,25,27398,7,0,0
T10453,C8357,19-01-2024 21:00,58032,UPI,Travel,Mobile,Bangalore,29,29329,7,0,0
T10454,C4440,19-01-2024 22:00,92224,UPI,Fashion,Mobile,Hyderabad,53,20987,11,0,0
T10455,C4766,19-01-2024 23:00,91759,UPI,Grocery,Mobile,Kolkata,12,20706,7,0,0
T10456,C6644,20-01-2024 00:00,33162,Wallet,Travel,Mobile,Delhi,18,25340,7,0,0
T10457,C3914,20-01-2024 01:00,75813,Card,Travel,Mobile,Pune,28,21825,10,0,0
T10458,C5968,20-01-2024 02:00,87363,UPI,Fashion,Web,Hyderabad,2,20482,10,0,1
T10459,C6917,20-01-2024 03:00,95856,UPI,Food,Mobile,Kolkata,25,24457,8,1,0
T10460,C9787,20-01-2024 04:00,60561,UPI,Electronics,Mobile,Kolkata,39,29081,9,1,0
T10461,C1728,20-01-2024 05:00,75518,UPI,Fashion,Mobile,Kolkata,58,12318,9,0,0
T10462,C2365,20-01-2024 06:00,66772,UPI,Electronics,Mobile,Chennai,57,11488,2,0,0
T10463,C5492,20-01-2024 07:00,34932,UPI,Food,Web,Kolkata,57,14241,7,0,0
T10464,C1698,20-01-2024 08:00,32066,Card,Travel,Mobile,Chennai,11,13417,7,0,0
T10465,C8186,20-01-2024 09:00,72645,Wallet,Electronics,Mobile,Pune,1,18574,4,1,0
T10466,C1395,20-01-2024 10:00,13087,UPI,Grocery,Web,Delhi,10,18302,9,0,0
T10467,C8400,20-01-2024 11:00,37411,UPI,Grocery,Mobile,Mumbai,43,17650,8,0,0
T10468,C9082,20-01-2024 12:00,31675,Card,Fashion,Mobile,Chennai,27,16350,1,0,0
T10469,C5171,20-01-2024 13:00,63952,UPI,Food,Mobile,Kolkata,17,23171,2,0,0
T10470,C5360,20-01-2024 14:00,1107,UPI,Fashion,Mobile,Kolkata,12,5096,2,0,0
T10471,C3502,20-01-2024 15:00,71081,Wallet,Fashion,Mobile,Bangalore,36,14801,11,0,0
T10472,C1717,20-01-2024 16:00,76342,UPI,Fashion,Mobile,Kolkata,21,21592,8,0,0
T10473,C3782,20-01-2024 17:00,47617,Card,Grocery,Web,Delhi,11,25372,1,0,0
T10474,C5946,20-01-2024 18:00,29357,Card,Grocery,Web,Hyderabad,1,19559,4,0,0
T10475,C6486,20-01-2024 19:00,87372,UPI,Fashion,Mobile,Hyderabad,36,10169,10,0,0
T10476,C9335,20-01-2024 20:00,42307,UPI,Grocery,Mobile,Kolkata,6,16288,5,0,0
T10477,C5980,20-01-2024 21:00,13381,Card,Food,Web,Bangalore,25,25398,9,0,0
T10478,C8266,20-01-2024 22:00,61346,UPI,Fashion,Mobile,Chennai,25,13694,7,0,0
T10479,C5491,20-01-2024 23:00,1535,UPI,Grocery,Web,Delhi,23,15191,8,1,0
T10480,C8192,21-01-2024 00:00,98975,Card,Electronics,Web,Bangalore,11,21051,11,1,0
T10481,C6588,21-01-2024 01:00,91457,Card,Fashion,Web,Chennai,15,13737,9,1,0
T10482,C8651,21-01-2024 02:00,26760,UPI,Fashion,Mobile,Delhi,22,28251,7,0,0
T10483,C4636,21-01-2024 03:00,5184,Wallet,Food,Mobile,Kolkata,39,21207,5,0,0
T10484,C2167,21-01-2024 04:00,82297,UPI,Travel,Mobile,Hyderabad,59,8147,5,0,0
T10485,C2062,21-01-2024 05:00,13607,Card,Travel,Web,Delhi,8,20740,10,0,0
T10486,C3156,21-01-2024 06:00,72695,Card,Food,Mobile,Kolkata,31,22456,11,1,0
T10487,C8860,21-01-2024 07:00,83907,Card,Food,Web,Pune,14,22643,6,0,0
T10488,C6161,21-01-2024 08:00,45639,Card,Food,Mobile,Mumbai,36,9199,5,0,0
T10489,C6305,21-01-2024 09:00,7591,Wallet,Travel,Mobile,Delhi,12,3546,11,1,0
T10490,C7541,21-01-2024 10:00,50292,UPI,Food,Mobile,Mumbai,4,8231,9,0,1
T10491,C5729,21-01-2024 11:00,80495,Card,Grocery,Mobile,Delhi,10,10965,3,0,0
T10492,C8330,21-01-2024 12:00,63988,UPI,Fashion,Mobile,Mumbai,9,21467,3,0,0
T10493,C6334,21-01-2024 13:00,73709,UPI,Fashion,Mobile,Pune,51,5040,7,0,0
T10494,C9924,21-01-2024 14:00,9177,UPI,Electronics,Web,Hyderabad,12,23918,7,0,0
T10495,C5330,21-01-2024 15:00,21053,Wallet,Electronics,Mobile,Chennai,40,4752,6,0,0
T10496,C9010,21-01-2024 16:00,77019,Wallet,Fashion,Mobile,Mumbai,52,29191,3,0,0
T10497,C7801,21-01-2024 17:00,67989,UPI,Grocery,Mobile,Pune,45,4849,7,0,0
T10498,C5846,21-01-2024 18:00,23921,UPI,Travel,Web,Mumbai,49,5642,5,0,0
T10499,C7731,21-01-2024 19:00,37667,Card,Travel,Web,Hyderabad,14,4600,7,0,0
T10500,C8241,21-01-2024 20:00,24960,UPI,Grocery,Mobile,Mumbai,41,16951,2,0,0
T10501,C1953,21-01-2024 21:00,21295,UPI,Travel,Web,Pune,55,23786,6,0,0
T10502,C3539,21-01-2024 22:00,77575,Card,Food,Web,Kolkata,6,14797,8,1,0
T10503,C8056,21-01-2024 23:00,90974,Card,Fashion,Mobile,Pune,39,23183,1,0,0
T10504,C2542,22-01-2024 00:00,87366,Wallet,Fashion,Mobile,Bangalore,27,20002,4,0,0
T10505,C6293,22-01-2024 01:00,21527,UPI,Grocery,Mobile,Hyderabad,31,4132,11,0,0
T10506,C2191,22-01-2024 02:00,27183,UPI,Travel,Mobile,Kolkata,34,8491,1,0,0
T10507,C7313,22-01-2024 03:00,87146,Card,Electronics,Web,Bangalore,14,8795,1,0,0
T10508,C7938,22-01-2024 04:00,57472,Card,Electronics,Mobile,Hyderabad,47,29691,10,0,0
T10509,C3681,22-01-2024 05:00,44164,Card,Travel,Web,Kolkata,35,13531,11,0,0
T10510,C2540,22-01-2024 06:00,7913,Card,Electronics,Mobile,Mumbai,20,13931,8,0,0
T10511,C7172,22-01-2024 07:00,31698,UPI,Grocery,Mobile,Kolkata,5,10633,7,0,0
T10512,C6541,22-01-2024 08:00,93206,Card,Grocery,Mobile,Pune,0,20871,10,1,1
T10513,C2365,22-01-2024 09:00,27182,UPI,Travel,Mobile,Bangalore,3,27232,1,0,0
T10514,C9691,22-01-2024 10:00,29341,UPI,Electronics,Web,Mumbai,10,8009,11,1,0
T10515,C9702,22-01-2024 11:00,96314,Card,Grocery,Web,Pune,43,29133,2,0,0
T10516,C8494,22-01-2024 12:00,44669,UPI,Grocery,Mobile,Hyderabad,25,5113,4,0,0
T10517,C5312,22-01-2024 13:00,11845,UPI,Food,Mobile,Kolkata,36,4044,1,0,0
T10518,C2324,22-01-2024 14:00,26129,Wallet,Food,Mobile,Pune,22,16923,3,0,0
T10519,C4141,22-01-2024 15:00,13125,Card,Grocery,Mobile,Mumbai,28,5431,8,0,0
T10520,C8419,22-01-2024 16:00,14388,Card,Travel,Mobile,Bangalore,20,27363,8,0,0
T10521,C4486,22-01-2024 17:00,89286,UPI,Fashion,Mobile,Bangalore,47,16926,8,0,0
T10522,C2810,22-01-2024 18:00,6640,Card,Fashion,Mobile,Kolkata,44,4582,6,0,0
T10523,C7588,22-01-2024 19:00,97868,UPI,Grocery,Web,Pune,44,17374,6,0,0
T10524,C3923,22-01-2024 20:00,82058,UPI,Grocery,Mobile,Mumbai,48,4308,5,0,0
T10525,C6301,22-01-2024 21:00,68978,Wallet,Grocery,Mobile,Delhi,26,24301,9,0,0
T10526,C5186,22-01-2024 22:00,41946,Card,Travel,Mobile,Hyderabad,38,11793,4,0,0
T10527,C9905,22-01-2024 23:00,76032,Card,Food,Mobile,Hyderabad,39,4620,10,0,0
T10528,C6977,23-01-2024 00:00,17582,UPI,Grocery,Mobile,Mumbai,12,26887,7,0,0
T10529,C5268,23-01-2024 01:00,23511,Wallet,Grocery,Web,Delhi,22,7766,1,0,0
T10530,C5748,23-01-2024 02:00,51075,Card,Electronics,Web,Bangalore,58,24746,9,0,0
T10531,C5849,23-01-2024 03:00,60645,Card,Travel,Mobile,Kolkata,15,8192,7,0,0
T10532,C4709,23-01-2024 04:00,78897,Card,Grocery,Mobile,Chennai,29,9622,10,1,0
T10533,C7619,23-01-2024 05:00,52407,UPI,Electronics,Mobile,Chennai,3,9093,9,0,1
T10534,C9647,23-01-2024 06:00,3193,UPI,Fashion,Web,Kolkata,39,26088,7,0,0
T10535,C4072,23-01-2024 07:00,77358,Card,Grocery,Mobile,Mumbai,15,19484,2,0,0
T10536,C7530,23-01-2024 08:00,22142,UPI,Grocery,Mobile,Delhi,30,26041,6,0,0
T10537,C1504,23-01-2024 09:00,53030,UPI,Electronics,Mobile,Delhi,52,25259,10,0,0
T10538,C2214,23-01-2024 10:00,44513,Wallet,Travel,Mobile,Hyderabad,41,23655,11,0,0
T10539,C2531,23-01-2024 11:00,93723,Card,Grocery,Mobile,Bangalore,24,3237,4,0,0
T10540,C8576,23-01-2024 12:00,97983,Card,Fashion,Web,Pune,43,26610,3,0,0
T10541,C1823,23-01-2024 13:00,33856,Card,Grocery,Mobile,Delhi,11,27416,2,0,0
T10542,C1928,23-01-2024 14:00,53368,Card,Fashion,Mobile,Kolkata,25,24602,6,0,0
T10543,C6029,23-01-2024 15:00,39314,UPI,Food,Mobile,Pune,36,23409,8,0,0
T10544,C1133,23-01-2024 16:00,81971,UPI,Food,Web,Chennai,47,14110,6,0,0
T10545,C3105,23-01-2024 17:00,28702,UPI,Fashion,Web,Pune,32,9073,9,0,0
T10546,C4627,23-01-2024 18:00,53431,UPI,Travel,Mobile,Bangalore,27,5542,5,0,0
T10547,C7316,23-01-2024 19:00,49001,Card,Grocery,Web,Kolkata,8,18282,2,0,0
T10548,C2852,23-01-2024 20:00,63516,UPI,Grocery,Mobile,Bangalore,11,13195,8,0,0
T10549,C5910,23-01-2024 21:00,32296,Card,Food,Mobile,Pune,4,4537,9,1,1
T10550,C5175,23-01-2024 22:00,5726,UPI,Fashion,Mobile,Mumbai,53,20138,10,0,0
T10551,C6348,23-01-2024 23:00,7524,UPI,Grocery,Mobile,Delhi,51,14560,4,0,0
T10552,C7190,24-01-2024 00:00,12957,UPI,Grocery,Mobile,Kolkata,53,29834,6,0,0
T10553,C2256,24-01-2024 01:00,20082,UPI,Travel,Mobile,Mumbai,27,16434,11,0,0
T10554,C4376,24-01-2024 02:00,77061,UPI,Electronics,Mobile,Pune,55,10396,10,0,0
T10555,C6645,24-01-2024 03:00,2080,UPI,Food,Web,Delhi,34,27207,8,0,0
T10556,C4486,24-01-2024 04:00,48390,UPI,Food,Mobile,Hyderabad,4,24891,9,1,0
T10557,C4584,24-01-2024 05:00,26531,Card,Electronics,Mobile,Mumbai,33,23619,5,0,0
T10558,C9053,24-01-2024 06:00,85076,UPI,Grocery,Mobile,Mumbai,45,19924,6,0,0
T10559,C4330,24-01-2024 07:00,82811,UPI,Travel,Web,Pune,33,24894,11,0,0
T10560,C3703,24-01-2024 08:00,26485,Card,Travel,Mobile,Chennai,12,27845,4,0,0
T10561,C9662,24-01-2024 09:00,38258,UPI,Food,Mobile,Pune,38,27310,5,0,0
T10562,C9120,24-01-2024 10:00,23119,Wallet,Travel,Web,Mumbai,41,8131,7,0,0
T10563,C8114,24-01-2024 11:00,18739,Card,Electronics,Mobile,Delhi,44,11697,9,0,0
T10564,C2353,24-01-2024 12:00,85630,UPI,Grocery,Mobile,Chennai,47,20513,10,0,0
T10565,C6063,24-01-2024 13:00,21663,Card,Electronics,Web,Pune,57,13271,11,0,0
T10566,C9549,24-01-2024 14:00,39441,UPI,Fashion,Mobile,Kolkata,13,6145,6,1,0
T10567,C8575,24-01-2024 15:00,5876,Card,Food,Mobile,Pune,10,16100,6,0,0
T10568,C1667,24-01-2024 16:00,36544,UPI,Travel,Mobile,Mumbai,41,27937,8,0,0
T10569,C5468,24-01-2024 17:00,69016,Wallet,Fashion,Mobile,Mumbai,37,23104,11,0,0
T10570,C7819,24-01-2024 18:00,8811,UPI,Travel,Mobile,Hyderabad,3,29032,4,0,0
T10571,C4719,24-01-2024 19:00,74418,Card,Grocery,Mobile,Pune,52,7067,3,1,0
T10572,C3745,24-01-2024 20:00,83070,Card,Grocery,Mobile,Mumbai,32,7195,7,0,0
T10573,C8483,24-01-2024 21:00,85653,UPI,Grocery,Mobile,Kolkata,6,29257,5,0,0
T10574,C1539,24-01-2024 22:00,30807,UPI,Travel,Web,Bangalore,55,12244,2,0,0
T10575,C5964,24-01-2024 23:00,39210,Card,Fashion,Mobile,Chennai,40,10281,2,0,0
T10576,C5835,25-01-2024 00:00,61888,Card,Grocery,Mobile,Bangalore,7,5509,11,1,0
T10577,C4775,25-01-2024 01:00,82979,UPI,Fashion,Web,Chennai,36,24400,6,0,0
T10578,C7042,25-01-2024 02:00,38927,Card,Travel,Mobile,Kolkata,50,18502,8,0,0
T10579,C8102,25-01-2024 03:00,5755,Wallet,Fashion,Mobile,Pune,9,9533,1,0,0
T10580,C8312,25-01-2024 04:00,44959,Wallet,Travel,Web,Hyderabad,42,24111,11,1,0
T10581,C6320,25-01-2024 05:00,53725,UPI,Travel,Mobile,Mumbai,56,20065,6,0,0
T10582,C7132,25-01-2024 06:00,52198,Card,Food,Mobile,Mumbai,14,17670,2,0,0
T10583,C8891,25-01-2024 07:00,15351,UPI,Travel,Web,Mumbai,37,6932,2,0,0
T10584,C3779,25-01-2024 08:00,626,Wallet,Travel,Mobile,Pune,14,17595,7,0,0
T10585,C1924,25-01-2024 09:00,68860,Card,Electronics,Mobile,Chennai,4,29705,10,0,0
T10586,C2581,25-01-2024 10:00,47937,UPI,Grocery,Mobile,Kolkata,28,16041,1,0,0
T10587,C8714,25-01-2024 11:00,11636,Card,Food,Mobile,Mumbai,18,8560,6,0,0
T10588,C4324,25-01-2024 12:00,28641,UPI,Food,Mobile,Bangalore,53,7016,7,0,0
T10589,C6713,25-01-2024 13:00,79183,Wallet,Food,Web,Mumbai,50,26723,8,0,0
T10590,C8026,25-01-2024 14:00,51127,Wallet,Electronics,Mobile,Pune,9,3719,7,0,0
T10591,C1255,25-01-2024 15:00,34631,Card,Travel,Web,Kolkata,11,3074,6,0,0
T10592,C5804,25-01-2024 16:00,8812,UPI,Grocery,Mobile,Hyderabad,53,28869,9,0,0
T10593,C2838,25-01-2024 17:00,65555,Card,Fashion,Web,Kolkata,3,29498,3,1,0
T10594,C1009,25-01-2024 18:00,74844,UPI,Travel,Web,Bangalore,30,23541,11,0,0
T10595,C3871,25-01-2024 19:00,5209,UPI,Electronics,Mobile,Mumbai,17,16161,6,0,0
T10596,C9989,25-01-2024 20:00,49368,Card,Travel,Mobile,Mumbai,15,27895,4,0,0
T10597,C8409,25-01-2024 21:00,54715,UPI,Travel,Mobile,Delhi,39,5149,2,0,0
T10598,C8418,25-01-2024 22:00,82603,UPI,Electronics,Mobile,Chennai,35,29028,1,0,0
T10599,C6124,25-01-2024 23:00,29859,Wallet,Food,Web,Bangalore,24,17033,1,0,0
T10600,C2015,26-01-2024 00:00,85808,UPI,Food,Web,Delhi,22,29131,11,0,0
T10601,C3193,26-01-2024 01:00,60212,UPI,Grocery,Mobile,Kolkata,11,26097,10,1,0
T10602,C9415,26-01-2024 02:00,26689,Wallet,Grocery,Mobile,Hyderabad,33,7207,3,0,0
T10603,C8449,26-01-2024 03:00,30115,UPI,Food,Mobile,Chennai,35,26525,4,0,0
T10604,C5158,26-01-2024 04:00,29109,Card,Fashion,Mobile,Bangalore,36,28036,2,0,0
T10605,C4925,26-01-2024 05:00,83409,Wallet,Travel,Mobile,Mumbai,2,18043,11,0,1
T10606,C7970,26-01-2024 06:00,62146,Wallet,Fashion,Web,Kolkata,8,12078,11,0,0
T10607,C7938,26-01-2024 07:00,26243,Card,Travel,Web,Bangalore,52,14725,11,0,0
T10608,C5784,26-01-2024 08:00,6254,UPI,Food,Mobile,Mumbai,17,6936,1,0,0
T10609,C5000,26-01-2024 09:00,21904,UPI,Grocery,Mobile,Chennai,42,12307,4,0,0
T10610,C2633,26-01-2024 10:00,41788,Card,Grocery,Mobile,Mumbai,34,20459,7,1,0
T10611,C8266,26-01-2024 11:00,64388,Wallet,Fashion,Mobile,Hyderabad,56,23260,10,0,0
T10612,C9702,26-01-2024 12:00,51295,Card,Grocery,Mobile,Kolkata,54,7615,11,0,0
T10613,C1384,26-01-2024 13:00,20681,UPI,Food,Mobile,Pune,33,10265,6,0,0
T10614,C1404,26-01-2024 14:00,52748,UPI,Fashion,Web,Mumbai,40,25763,6,0,0
T10615,C9175,26-01-2024 15:00,30187,UPI,Travel,Mobile,Hyderabad,13,13116,11,0,0
T10616,C3000,26-01-2024 16:00,50030,Card,Grocery,Mobile,Pune,3,18733,9,0,0
T10617,C6989,26-01-2024 17:00,33081,UPI,Electronics,Web,Kolkata,28,16892,2,1,0
T10618,C2460,26-01-2024 18:00,69398,Wallet,Grocery,Web,Chennai,40,28502,4,1,0
T10619,C8190,26-01-2024 19:00,46267,Card,Travel,Mobile,Chennai,44,7652,5,0,0
T10620,C8140,26-01-2024 20:00,75404,UPI,Fashion,Mobile,Kolkata,49,26176,1,0,0
T10621,C4636,26-01-2024 21:00,43508,Card,Travel,Mobile,Kolkata,14,13473,8,0,0
T10622,C5809,26-01-2024 22:00,39599,UPI,Electronics,Web,Bangalore,27,12247,8,0,0
T10623,C5178,26-01-2024 23:00,52369,Card,Food,Web,Hyderabad,41,26840,6,0,0
T10624,C8245,27-01-2024 00:00,38659,Card,Grocery,Mobile,Hyderabad,15,24058,5,0,0
T10625,C7600,27-01-2024 01:00,74419,Card,Fashion,Mobile,Kolkata,11,19925,8,0,0
T10626,C6997,27-01-2024 02:00,95417,Card,Food,Web,Delhi,51,5161,3,0,0
T10627,C3048,27-01-2024 03:00,96447,UPI,Travel,Mobile,Delhi,4,21635,3,0,0
T10628,C5780,27-01-2024 04:00,48887,UPI,Fashion,Mobile,Pune,33,28628,2,0,0
T10629,C1716,27-01-2024 05:00,35588,Card,Food,Mobile,Pune,41,23953,5,0,0
T10630,C8939,27-01-2024 06:00,74541,UPI,Fashion,Mobile,Delhi,0,22128,3,1,0
T10631,C6565,27-01-2024 07:00,74763,UPI,Electronics,Mobile,Kolkata,38,17588,3,0,0
T10632,C5544,27-01-2024 08:00,22531,UPI,Electronics,Web,Kolkata,31,15061,6,0,0
T10633,C5976,27-01-2024 09:00,61781,Card,Grocery,Web,Pune,25,9041,8,0,0
T10634,C4419,27-01-2024 10:00,63583,UPI,Grocery,Mobile,Mumbai,16,15673,2,0,0
T10635,C8239,27-01-2024 11:00,49253,Card,Electronics,Mobile,Kolkata,47,24059,4,0,0
T10636,C1249,27-01-2024 12:00,6468,Wallet,Fashion,Mobile,Delhi,58,4560,11,0,0
T10637,C9865,27-01-2024 13:00,27524,UPI,Electronics,Mobile,Hyderabad,26,14954,7,0,0
T10638,C1770,27-01-2024 14:00,45104,UPI,Grocery,Mobile,Kolkata,23,20548,1,0,0
T10639,C5363,27-01-2024 15:00,83969,UPI,Electronics,Web,Kolkata,34,18078,1,0,0
T10640,C2077,27-01-2024 16:00,88752,Wallet,Electronics,Mobile,Mumbai,45,8419,10,0,0
T10641,C9427,27-01-2024 17:00,57085,UPI,Fashion,Mobile,Pune,41,5722,7,0,0
T10642,C9580,27-01-2024 18:00,50169,UPI,Food,Mobile,Kolkata,53,13550,7,0,0
T10643,C8901,27-01-2024 19:00,52426,UPI,Grocery,Web,Chennai,38,19854,1,1,0
T10644,C5858,27-01-2024 20:00,81161,Card,Fashion,Web,Bangalore,25,28992,1,0,0
T10645,C7544,27-01-2024 21:00,23498,UPI,Electronics,Web,Delhi,48,4468,4,0,0
T10646,C5719,27-01-2024 22:00,98493,Card,Electronics,Web,Chennai,37,27309,5,0,0
T10647,C3814,27-01-2024 23:00,50961,Wallet,Food,Mobile,Pune,22,3808,5,0,0
T10648,C4374,28-01-2024 00:00,75997,UPI,Grocery,Mobile,Hyderabad,21,27747,4,1,0
T10649,C2252,28-01-2024 01:00,82005,Card,Grocery,Mobile,Bangalore,3,9719,8,0,1
T10650,C7996,28-01-2024 02:00,68677,UPI,Travel,Mobile,Chennai,48,19363,7,0,0
T10651,C5673,28-01-2024 03:00,65741,Wallet,Grocery,Mobile,Bangalore,58,13591,9,0,0
T10652,C5530,28-01-2024 04:00,9178,Card,Food,Mobile,Delhi,8,8073,7,0,0
T10653,C7881,28-01-2024 05:00,25103,Wallet,Travel,Mobile,Pune,3,11012,10,0,0
T10654,C7949,28-01-2024 06:00,62868,UPI,Travel,Mobile,Kolkata,6,21029,1,0,0
T10655,C7241,28-01-2024 07:00,51147,UPI,Electronics,Mobile,Hyderabad,22,16892,7,0,0
T10656,C9017,28-01-2024 08:00,71726,UPI,Electronics,Web,Pune,1,11249,1,0,0
T10657,C7941,28-01-2024 09:00,57760,UPI,Grocery,Mobile,Bangalore,48,20513,7,0,0
T10658,C8002,28-01-2024 10:00,49886,UPI,Travel,Mobile,Chennai,23,18147,10,0,0
T10659,C2331,28-01-2024 11:00,2025,UPI,Electronics,Mobile,Delhi,39,20737,8,0,0
T10660,C5261,28-01-2024 12:00,84076,UPI,Food,Mobile,Delhi,54,3767,11,0,0
T10661,C8648,28-01-2024 13:00,26115,UPI,Electronics,Mobile,Pune,30,6895,9,0,0
T10662,C6115,28-01-2024 14:00,33420,Card,Electronics,Mobile,Kolkata,46,28258,3,0,0
T10663,C5637,28-01-2024 15:00,64981,Card,Travel,Mobile,Chennai,30,22838,4,0,0
T10664,C5854,28-01-2024 16:00,90927,UPI,Travel,Mobile,Kolkata,46,13200,4,0,0
T10665,C4177,28-01-2024 17:00,26389,UPI,Fashion,Mobile,Kolkata,39,10329,9,0,0
T10666,C8730,28-01-2024 18:00,3489,UPI,Food,Mobile,Chennai,47,18332,7,0,0
T10667,C3180,28-01-2024 19:00,25783,Wallet,Travel,Mobile,Bangalore,50,17621,3,0,0
T10668,C5892,28-01-2024 20:00,13729,UPI,Grocery,Mobile,Pune,42,14334,10,1,0
T10669,C8043,28-01-2024 21:00,61650,Card,Food,Mobile,Pune,33,21174,5,0,0
T10670,C1137,28-01-2024 22:00,24926,Wallet,Food,Mobile,Mumbai,54,29053,7,0,0
T10671,C7327,28-01-2024 23:00,26730,Card,Travel,Mobile,Pune,23,3885,8,0,0
T10672,C4472,29-01-2024 00:00,98862,Card,Food,Mobile,Delhi,48,10734,1,0,0
T10673,C6449,29-01-2024 01:00,46263,Card,Travel,Mobile,Bangalore,59,6906,2,0,0
T10674,C3832,29-01-2024 02:00,98611,Wallet,Electronics,Mobile,Chennai,25,7492,7,0,0
T10675,C4579,29-01-2024 03:00,66535,Card,Fashion,Web,Pune,15,12730,11,0,0
T10676,C6971,29-01-2024 04:00,11753,Card,Electronics,Web,Bangalore,56,5073,2,0,0
T10677,C5164,29-01-2024 05:00,28061,Card,Travel,Web,Pune,46,19696,7,0,0
T10678,C8941,29-01-2024 06:00,82041,Card,Travel,Mobile,Chennai,12,9269,9,0,0
T10679,C6569,29-01-2024 07:00,74237,Card,Electronics,Mobile,Hyderabad,14,24701,11,0,0
T10680,C5300,29-01-2024 08:00,33762,UPI,Grocery,Mobile,Chennai,26,20194,2,0,0
T10681,C7269,29-01-2024 09:00,98918,UPI,Grocery,Mobile,Chennai,3,29811,7,0,1
T10682,C4818,29-01-2024 10:00,56546,UPI,Grocery,Mobile,Chennai,15,9841,4,0,0
T10683,C2906,29-01-2024 11:00,21388,UPI,Travel,Mobile,Pune,29,13955,11,0,0
T10684,C7254,29-01-2024 12:00,95181,UPI,Food,Web,Mumbai,43,5032,2,0,0
T10685,C1760,29-01-2024 13:00,36977,UPI,Travel,Mobile,Chennai,29,12699,7,0,0
T10686,C8830,29-01-2024 14:00,15413,Card,Food,Web,Delhi,35,15737,5,0,0
T10687,C8350,29-01-2024 15:00,80985,UPI,Electronics,Mobile,Delhi,2,13762,1,0,0
T10688,C7238,29-01-2024 16:00,72815,Card,Fashion,Mobile,Bangalore,21,29470,5,0,0
T10689,C7090,29-01-2024 17:00,10426,UPI,Food,Mobile,Mumbai,48,10129,3,0,0
T10690,C7031,29-01-2024 18:00,1660,UPI,Grocery,Mobile,Bangalore,21,22089,7,0,0
T10691,C8687,29-01-2024 19:00,79248,Card,Travel,Web,Delhi,49,11788,6,0,0
T10692,C9472,29-01-2024 20:00,83286,Card,Electronics,Mobile,Kolkata,56,5147,8,0,0
T10693,C2887,29-01-2024 21:00,26845,UPI,Grocery,Mobile,Delhi,49,3615,5,0,0
T10694,C4266,29-01-2024 22:00,31990,Wallet,Electronics,Web,Hyderabad,54,3947,2,0,0
T10695,C1666,29-01-2024 23:00,20122,Wallet,Fashion,Mobile,Chennai,59,8677,9,0,0
T10696,C5188,30-01-2024 00:00,52679,UPI,Travel,Web,Kolkata,48,24035,11,0,0
T10697,C1671,30-01-2024 01:00,70416,UPI,Travel,Mobile,Delhi,11,10866,8,0,0
T10698,C7777,30-01-2024 02:00,83947,Wallet,Fashion,Mobile,Pune,54,5013,6,0,0
T10699,C8570,30-01-2024 03:00,28480,Card,Travel,Mobile,Pune,20,23081,10,0,0
T10700,C8956,30-01-2024 04:00,2456,Card,Food,Mobile,Bangalore,55,19874,7,0,0
T10701,C6124,30-01-2024 05:00,70426,Card,Electronics,Mobile,Kolkata,3,23734,9,0,0
T10702,C6585,30-01-2024 06:00,92547,UPI,Grocery,Mobile,Bangalore,30,21812,7,0,0
T10703,C5777,30-01-2024 07:00,89999,UPI,Fashion,Web,Chennai,43,7987,3,0,0
T10704,C4900,30-01-2024 08:00,20149,UPI,Food,Web,Chennai,30,11733,6,0,0
T10705,C7677,30-01-2024 09:00,75817,Card,Grocery,Mobile,Hyderabad,57,12479,11,0,0
T10706,C7981,30-01-2024 10:00,16182,Card,Grocery,Mobile,Mumbai,22,12825,11,0,0
T10707,C7376,30-01-2024 11:00,761,Card,Fashion,Mobile,Bangalore,53,24304,7,0,0
T10708,C1523,30-01-2024 12:00,37512,UPI,Food,Mobile,Chennai,52,5926,2,0,0
T10709,C3393,30-01-2024 13:00,3020,UPI,Grocery,Mobile,Bangalore,19,28928,3,0,0
T10710,C3593,30-01-2024 14:00,91294,Card,Grocery,Mobile,Chennai,14,10282,4,0,0
T10711,C8240,30-01-2024 15:00,60415,Card,Food,Mobile,Delhi,22,18635,10,0,0
T10712,C7937,30-01-2024 16:00,79661,Card,Travel,Mobile,Bangalore,27,18847,6,0,0
T10713,C7190,30-01-2024 17:00,9046,UPI,Grocery,Web,Delhi,15,23760,1,0,0
T10714,C6240,30-01-2024 18:00,94342,Wallet,Electronics,Mobile,Bangalore,36,12490,9,0,0
T10715,C7493,30-01-2024 19:00,45600,UPI,Food,Mobile,Mumbai,20,24252,5,0,0
T10716,C3878,30-01-2024 20:00,16409,Wallet,Grocery,Mobile,Hyderabad,14,9986,7,1,0
T10717,C5143,30-01-2024 21:00,55330,UPI,Fashion,Mobile,Pune,16,9862,9,0,0
T10718,C4644,30-01-2024 22:00,98756,Card,Electronics,Mobile,Pune,49,15159,9,0,0
T10719,C5432,30-01-2024 23:00,30127,UPI,Grocery,Mobile,Pune,36,7423,1,0,0
T10720,C2276,31-01-2024 00:00,72641,Wallet,Electronics,Web,Delhi,12,13450,1,0,0
T10721,C6811,31-01-2024 01:00,59421,Card,Electronics,Mobile,Kolkata,18,26254,3,0,0
T10722,C1302,31-01-2024 02:00,1056,UPI,Travel,Mobile,Chennai,29,11159,6,0,0
T10723,C1638,31-01-2024 03:00,74231,UPI,Electronics,Web,Pune,44,5073,2,1,0
T10724,C1055,31-01-2024 04:00,48008,UPI,Travel,Web,Mumbai,17,25554,10,0,0
T10725,C9717,31-01-2024 05:00,78439,UPI,Food,Mobile,Pune,13,20085,11,0,0
T10726,C9150,31-01-2024 06:00,26063,Wallet,Travel,Mobile,Bangalore,35,13111,1,0,0
T10727,C3125,31-01-2024 07:00,39543,UPI,Fashion,Mobile,Delhi,35,27497,1,0,0
T10728,C1364,31-01-2024 08:00,99359,Card,Grocery,Mobile,Kolkata,19,9825,5,0,0
T10729,C7809,31-01-2024 09:00,39163,Card,Food,Mobile,Bangalore,51,13652,4,0,0
T10730,C5621,31-01-2024 10:00,80918,Card,Food,Mobile,Kolkata,18,15454,1,0,0
T10731,C6126,31-01-2024 11:00,4803,UPI,Fashion,Mobile,Bangalore,44,27251,4,0,0
T10732,C6122,31-01-2024 12:00,65228,UPI,Travel,Mobile,Bangalore,43,23648,3,0,0
T10733,C2646,31-01-2024 13:00,72199,Card,Grocery,Mobile,Hyderabad,6,10968,2,0,0
T10734,C1918,31-01-2024 14:00,25949,Wallet,Travel,Mobile,Hyderabad,56,27530,9,0,0
T10735,C3797,31-01-2024 15:00,31960,UPI,Electronics,Mobile,Chennai,43,15516,11,0,0
T10736,C7506,31-01-2024 16:00,31685,UPI,Travel,Mobile,Delhi,52,17290,1,0,0
T10737,C6870,31-01-2024 17:00,22115,Card,Food,Mobile,Mumbai,3,10776,7,0,0
T10738,C2531,31-01-2024 18:00,77639,Wallet,Grocery,Mobile,Mumbai,58,11558,4,0,0
T10739,C9172,31-01-2024 19:00,43685,UPI,Travel,Mobile,Mumbai,33,11719,5,0,0
T10740,C4345,31-01-2024 20:00,27058,UPI,Grocery,Mobile,Bangalore,1,7886,10,0,1
T10741,C8673,31-01-2024 21:00,26117,Wallet,Grocery,Mobile,Hyderabad,4,23319,5,0,0
T10742,C7949,31-01-2024 22:00,76807,UPI,Electronics,Mobile,Delhi,54,7619,1,0,0
T10743,C7882,31-01-2024 23:00,45450,UPI,Electronics,Web,Bangalore,9,24575,6,0,0
T10744,C2906,01-02-2024 00:00,12301,Card,Food,Web,Kolkata,31,16956,9,0,0
T10745,C4086,01-02-2024 01:00,29526,Wallet,Fashion,Mobile,Hyderabad,41,13345,2,0,0
T10746,C9152,01-02-2024 02:00,17878,UPI,Grocery,Mobile,Hyderabad,40,9875,7,0,0
T10747,C6750,01-02-2024 03:00,45341,Card,Fashion,Mobile,Pune,12,13100,6,0,0
T10748,C9905,01-02-2024 04:00,42329,Card,Food,Mobile,Pune,38,10856,5,1,0
T10749,C2062,01-02-2024 05:00,86752,Card,Grocery,Mobile,Delhi,4,8401,4,0,0
T10750,C2976,01-02-2024 06:00,48464,Card,Grocery,Web,Kolkata,57,6022,4,0,0
T10751,C2296,01-02-2024 07:00,98933,Card,Fashion,Mobile,Delhi,9,14675,6,0,0
T10752,C7229,01-02-2024 08:00,84978,UPI,Travel,Mobile,Delhi,9,13912,4,0,0
T10753,C8641,01-02-2024 09:00,57156,Card,Electronics,Web,Bangalore,37,8738,5,0,0
T10754,C1125,01-02-2024 10:00,27590,Card,Travel,Web,Chennai,26,18126,6,0,0
T10755,C5632,01-02-2024 11:00,20075,Card,Fashion,Web,Delhi,59,25368,5,0,0
T10756,C7288,01-02-2024 12:00,26823,Wallet,Electronics,Mobile,Pune,50,4770,7,0,0
T10757,C4596,01-02-2024 13:00,23379,UPI,Travel,Mobile,Chennai,20,15305,9,0,0
T10758,C7168,01-02-2024 14:00,78401,Card,Electronics,Mobile,Bangalore,7,12969,10,0,0
T10759,C8561,01-02-2024 15:00,11661,Card,Grocery,Mobile,Chennai,0,15404,7,0,0
T10760,C9258,01-02-2024 16:00,66161,UPI,Travel,Mobile,Mumbai,27,11989,7,0,0
T10761,C1232,01-02-2024 17:00,88497,Card,Electronics,Mobile,Kolkata,48,6215,4,0,0
T10762,C7371,01-02-2024 18:00,49253,UPI,Electronics,Web,Chennai,38,14980,1,0,0
T10763,C5206,01-02-2024 19:00,33242,UPI,Electronics,Mobile,Delhi,13,9694,8,0,0
T10764,C8943,01-02-2024 20:00,27016,UPI,Travel,Mobile,Bangalore,20,22360,4,0,0
T10765,C7891,01-02-2024 21:00,64424,UPI,Food,Mobile,Kolkata,29,23121,1,0,0
T10766,C7738,01-02-2024 22:00,45065,UPI,Travel,Mobile,Delhi,20,29287,5,1,0
T10767,C3472,01-02-2024 23:00,4748,Card,Fashion,Mobile,Kolkata,48,20136,8,0,0
T10768,C3739,02-02-2024 00:00,35233,UPI,Travel,Mobile,Pune,8,13661,4,0,0
T10769,C6401,02-02-2024 01:00,50777,Card,Electronics,Mobile,Mumbai,16,4392,8,0,0
T10770,C2761,02-02-2024 02:00,96159,Card,Grocery,Web,Pune,4,9789,8,1,1
T10771,C1876,02-02-2024 03:00,94688,Wallet,Travel,Mobile,Delhi,57,17385,3,0,0
T10772,C4812,02-02-2024 04:00,98417,Card,Travel,Web,Delhi,56,20061,9,1,0
T10773,C2460,02-02-2024 05:00,70235,UPI,Electronics,Mobile,Delhi,30,3105,3,0,0
T10774,C2733,02-02-2024 06:00,35146,Card,Grocery,Mobile,Hyderabad,51,14479,1,0,0
T10775,C2605,02-02-2024 07:00,47164,UPI,Grocery,Mobile,Mumbai,39,24137,2,0,0
T10776,C6622,02-02-2024 08:00,69450,Card,Fashion,Mobile,Kolkata,37,4946,6,0,0
T10777,C7767,02-02-2024 09:00,45993,Wallet,Travel,Mobile,Delhi,42,8544,10,0,0
T10778,C7986,02-02-2024 10:00,61372,UPI,Grocery,Mobile,Delhi,18,20479,2,0,0
T10779,C4517,02-02-2024 11:00,92252,UPI,Grocery,Web,Kolkata,35,16275,6,0,0
T10780,C4735,02-02-2024 12:00,67749,Card,Food,Web,Pune,49,9985,1,0,0
T10781,C9434,02-02-2024 13:00,64774,Wallet,Food,Mobile,Pune,32,4782,11,0,0
T10782,C3590,02-02-2024 14:00,13860,Card,Grocery,Web,Delhi,12,23925,1,0,0
T10783,C2063,02-02-2024 15:00,22027,UPI,Fashion,Mobile,Bangalore,13,22641,5,0,0
T10784,C5324,02-02-2024 16:00,86575,Card,Grocery,Web,Hyderabad,55,9213,10,0,0
T10785,C6342,02-02-2024 17:00,61467,UPI,Electronics,Mobile,Pune,32,29573,11,0,0
T10786,C1005,02-02-2024 18:00,98055,Card,Travel,Mobile,Bangalore,28,17485,9,0,0
T10787,C8489,02-02-2024 19:00,12688,Wallet,Fashion,Web,Hyderabad,42,18605,8,0,0
T10788,C9659,02-02-2024 20:00,52333,Card,Electronics,Mobile,Delhi,48,7869,3,0,0
T10789,C9195,02-02-2024 21:00,44838,Wallet,Fashion,Web,Mumbai,35,20945,3,0,0
T10790,C6966,02-02-2024 22:00,33497,UPI,Electronics,Mobile,Chennai,57,23390,1,0,0
T10791,C9837,02-02-2024 23:00,82289,Card,Travel,Mobile,Chennai,43,12867,3,0,0
T10792,C1117,03-02-2024 00:00,76467,Card,Travel,Mobile,Delhi,9,28698,11,0,0
T10793,C3551,03-02-2024 01:00,71360,UPI,Food,Mobile,Pune,30,6981,1,0,0
T10794,C6560,03-02-2024 02:00,76719,Wallet,Electronics,Mobile,Bangalore,5,12493,8,0,1
T10795,C5289,03-02-2024 03:00,19916,UPI,Food,Web,Mumbai,56,8682,1,0,0
T10796,C1846,03-02-2024 04:00,42340,Card,Electronics,Mobile,Kolkata,0,8782,5,0,0
T10797,C7316,03-02-2024 05:00,6376,Card,Food,Web,Hyderabad,6,20327,9,0,0
T10798,C7469,03-02-2024 06:00,79630,Card,Travel,Web,Delhi,57,23934,7,0,0
T10799,C9915,03-02-2024 07:00,23599,UPI,Fashion,Mobile,Mumbai,26,12137,4,0,0
T10800,C1224,03-02-2024 08:00,88676,Card,Food,Web,Mumbai,20,19984,11,0,0
T10801,C5208,03-02-2024 09:00,82595,Card,Electronics,Web,Pune,27,16012,9,0,0
T10802,C7283,03-02-2024 10:00,71735,Wallet,Electronics,Web,Hyderabad,15,25760,9,0,0
T10803,C3048,03-02-2024 11:00,85212,UPI,Travel,Web,Mumbai,55,28993,2,0,0
T10804,C7233,03-02-2024 12:00,36046,UPI,Electronics,Web,Pune,45,4524,10,1,0
T10805,C2828,03-02-2024 13:00,55304,Card,Grocery,Mobile,Bangalore,22,23150,10,0,0
T10806,C2917,03-02-2024 14:00,51986,UPI,Fashion,Mobile,Pune,51,19634,11,0,0
T10807,C5234,03-02-2024 15:00,71752,Card,Food,Web,Bangalore,19,29120,6,0,0
T10808,C7988,03-02-2024 16:00,15663,Card,Fashion,Mobile,Bangalore,37,3078,4,0,0
T10809,C3026,03-02-2024 17:00,92424,Wallet,Travel,Mobile,Kolkata,53,6123,8,0,0
T10810,C4744,03-02-2024 18:00,92564,Card,Food,Mobile,Kolkata,24,28473,11,0,0
T10811,C1009,03-02-2024 19:00,9947,Card,Food,Web,Mumbai,27,10064,7,1,0
T10812,C1260,03-02-2024 20:00,26255,UPI,Grocery,Mobile,Pune,4,16068,7,0,0
T10813,C7038,03-02-2024 21:00,79771,UPI,Travel,Web,Kolkata,55,11417,11,0,0
T10814,C3219,03-02-2024 22:00,83410,UPI,Electronics,Mobile,Bangalore,20,16362,10,0,0
T10815,C8041,03-02-2024 23:00,67378,UPI,Grocery,Mobile,Kolkata,17,4209,9,0,0
T10816,C3060,04-02-2024 00:00,18409,Card,Grocery,Mobile,Hyderabad,46,8153,5,0,0
T10817,C6287,04-02-2024 01:00,719,Card,Fashion,Mobile,Mumbai,5,7898,6,0,0
T10818,C2619,04-02-2024 02:00,83294,Card,Fashion,Mobile,Pune,56,21562,1,0,0
T10819,C9512,04-02-2024 03:00,50208,Card,Fashion,Web,Pune,28,13871,6,0,0
T10820,C2342,04-02-2024 04:00,34807,Wallet,Grocery,Web,Chennai,18,10610,2,0,0
T10821,C3832,04-02-2024 05:00,20437,Card,Electronics,Mobile,Pune,32,14077,6,0,0
T10822,C3824,04-02-2024 06:00,81637,Card,Food,Mobile,Mumbai,0,18791,9,0,1
T10823,C2994,04-02-2024 07:00,66604,Card,Fashion,Web,Hyderabad,44,28279,8,0,0
T10824,C4490,04-02-2024 08:00,47714,UPI,Electronics,Web,Pune,2,5544,9,0,1
T10825,C8984,04-02-2024 09:00,91528,UPI,Travel,Mobile,Chennai,41,8522,10,0,0
T10826,C2604,04-02-2024 10:00,91255,UPI,Fashion,Mobile,Mumbai,20,5370,8,0,0
T10827,C1235,04-02-2024 11:00,381,Wallet,Food,Mobile,Bangalore,34,22665,3,1,0
T10828,C2908,04-02-2024 12:00,27520,Card,Travel,Web,Delhi,40,7710,8,0,0
T10829,C9567,04-02-2024 13:00,80996,UPI,Travel,Mobile,Delhi,39,3328,6,0,0
T10830,C4530,04-02-2024 14:00,39130,Card,Food,Mobile,Bangalore,2,16683,6,0,0
T10831,C6256,04-02-2024 15:00,1158,Card,Fashion,Mobile,Kolkata,24,8579,6,0,0
T10832,C3635,04-02-2024 16:00,86313,UPI,Grocery,Web,Pune,44,23612,3,0,0
T10833,C9162,04-02-2024 17:00,76360,UPI,Food,Mobile,Delhi,37,16122,10,0,0
T10834,C3560,04-02-2024 18:00,28504,Wallet,Food,Mobile,Kolkata,44,9794,1,0,0
T10835,C6415,04-02-2024 19:00,29956,UPI,Food,Mobile,Delhi,54,3120,4,0,0
T10836,C4391,04-02-2024 20:00,9300,UPI,Travel,Mobile,Bangalore,19,9749,10,0,0
T10837,C6951,04-02-2024 21:00,64278,Card,Electronics,Mobile,Pune,51,16763,6,0,0
T10838,C6468,04-02-2024 22:00,34097,Wallet,Grocery,Web,Pune,43,20348,11,0,0
T10839,C9007,04-02-2024 23:00,25711,Card,Fashion,Web,Kolkata,44,23608,10,1,0
T10840,C7413,05-02-2024 00:00,41335,UPI,Fashion,Web,Bangalore,33,18450,2,0,0
T10841,C7941,05-02-2024 01:00,35157,UPI,Electronics,Web,Kolkata,20,6675,7,0,0
T10842,C5820,05-02-2024 02:00,1339,Card,Food,Mobile,Pune,55,25078,7,0,0
T10843,C3898,05-02-2024 03:00,65761,Card,Grocery,Web,Pune,54,21460,11,0,0
T10844,C8546,05-02-2024 04:00,45372,Card,Fashion,Mobile,Mumbai,47,26249,4,0,0
T10845,C1077,05-02-2024 05:00,89493,UPI,Fashion,Mobile,Kolkata,22,8643,4,0,0
T10846,C8577,05-02-2024 06:00,61312,Wallet,Food,Web,Mumbai,5,27908,1,0,0
T10847,C5227,05-02-2024 07:00,15498,UPI,Electronics,Mobile,Bangalore,50,14560,2,0,0
T10848,C1600,05-02-2024 08:00,56603,UPI,Grocery,Mobile,Hyderabad,52,24633,9,0,0
T10849,C2065,05-02-2024 09:00,6738,UPI,Electronics,Mobile,Delhi,12,20700,10,0,0
T10850,C3136,05-02-2024 10:00,6670,UPI,Electronics,Mobile,Mumbai,48,20580,8,0,0
T10851,C7943,05-02-2024 11:00,68885,Card,Grocery,Mobile,Delhi,22,18383,8,0,0
T10852,C8804,05-02-2024 12:00,9210,Card,Grocery,Web,Chennai,8,6170,9,0,0
T10853,C7565,05-02-2024 13:00,79241,UPI,Fashion,Web,Bangalore,16,29005,7,0,0
T10854,C6984,05-02-2024 14:00,12215,Card,Fashion,Mobile,Hyderabad,1,3355,9,0,1
T10855,C6142,05-02-2024 15:00,39162,UPI,Grocery,Mobile,Chennai,18,12718,10,0,0
T10856,C5670,05-02-2024 16:00,23011,Card,Travel,Mobile,Chennai,18,3028,2,1,0
T10857,C3190,05-02-2024 17:00,32656,Wallet,Fashion,Web,Pune,55,17831,6,0,0
T10858,C3712,05-02-2024 18:00,78231,UPI,Travel,Mobile,Chennai,6,20397,3,0,0
T10859,C3192,05-02-2024 19:00,2069,Card,Grocery,Mobile,Bangalore,53,13894,11,1,0
T10860,C2248,05-02-2024 20:00,43853,UPI,Fashion,Mobile,Mumbai,41,12019,6,0,0
T10861,C5033,05-02-2024 21:00,82911,UPI,Electronics,Mobile,Bangalore,41,15638,3,0,0
T10862,C2997,05-02-2024 22:00,4570,UPI,Grocery,Mobile,Mumbai,58,17889,8,0,0
T10863,C4687,05-02-2024 23:00,10325,Card,Food,Web,Chennai,19,5024,11,0,0
T10864,C5018,06-02-2024 00:00,23296,Card,Travel,Mobile,Chennai,8,27874,4,1,0
T10865,C2970,06-02-2024 01:00,13769,UPI,Grocery,Mobile,Hyderabad,16,8839,10,0,0
T10866,C9389,06-02-2024 02:00,37480,Card,Grocery,Mobile,Mumbai,26,29441,6,0,0
T10867,C6765,06-02-2024 03:00,48420,Card,Fashion,Web,Chennai,46,16503,9,0,0
T10868,C2202,06-02-2024 04:00,47514,Card,Fashion,Mobile,Pune,1,25175,2,0,0
T10869,C9135,06-02-2024 05:00,15677,Card,Fashion,Mobile,Delhi,35,13303,2,0,0
T10870,C6567,06-02-2024 06:00,88109,Card,Food,Mobile,Hyderabad,18,20138,7,0,0
T10871,C8667,06-02-2024 07:00,55509,UPI,Fashion,Mobile,Bangalore,16,28345,2,0,0
T10872,C6742,06-02-2024 08:00,28725,UPI,Grocery,Web,Hyderabad,4,23119,2,0,0
T10873,C6788,06-02-2024 09:00,81140,Wallet,Fashion,Mobile,Delhi,38,20622,4,1,0
T10874,C6408,06-02-2024 10:00,24189,UPI,Electronics,Web,Mumbai,17,29789,9,0,0
T10875,C9669,06-02-2024 11:00,36587,Wallet,Fashion,Mobile,Bangalore,52,4906,8,0,0
T10876,C1922,06-02-2024 12:00,65938,Card,Food,Web,Bangalore,53,10399,2,0,0
T10877,C1419,06-02-2024 13:00,97099,UPI,Electronics,Mobile,Mumbai,58,10961,8,0,0
T10878,C3204,06-02-2024 14:00,94895,UPI,Grocery,Web,Kolkata,6,29140,4,0,0
T10879,C2120,06-02-2024 15:00,50238,UPI,Grocery,Mobile,Kolkata,16,28794,2,1,0
T10880,C1950,06-02-2024 16:00,42923,Wallet,Travel,Mobile,Hyderabad,38,23985,11,0,0
T10881,C3336,06-02-2024 17:00,37308,UPI,Electronics,Web,Chennai,35,28933,10,0,0
T10882,C6373,06-02-2024 18:00,54161,UPI,Travel,Mobile,Kolkata,39,15031,7,0,0
T10883,C3243,06-02-2024 19:00,30759,UPI,Electronics,Mobile,Hyderabad,44,18128,6,0,0
T10884,C3645,06-02-2024 20:00,31990,UPI,Electronics,Mobile,Kolkata,3,18663,10,0,0
T10885,C5612,06-02-2024 21:00,79234,Card,Food,Mobile,Delhi,37,4460,5,0,0
T10886,C2865,06-02-2024 22:00,47155,UPI,Travel,Mobile,Pune,24,18682,11,0,0
T10887,C7028,06-02-2024 23:00,19608,Card,Food,Mobile,Chennai,4,27053,1,0,0
T10888,C8326,07-02-2024 00:00,42387,UPI,Electronics,Mobile,Hyderabad,29,18193,2,0,0
T10889,C7371,07-02-2024 01:00,79016,UPI,Grocery,Web,Pune,11,20800,8,1,0
T10890,C7359,07-02-2024 02:00,27084,Card,Electronics,Mobile,Pune,3,14045,1,0,0
T10891,C8863,07-02-2024 03:00,8225,UPI,Food,Web,Kolkata,23,10766,3,0,0
T10892,C4228,07-02-2024 04:00,36159,Wallet,Travel,Web,Mumbai,28,20812,2,0,0
T10893,C4719,07-02-2024 05:00,69669,Card,Travel,Mobile,Delhi,8,7378,5,0,0
T10894,C3371,07-02-2024 06:00,17187,UPI,Food,Mobile,Delhi,3,10529,4,1,0
T10895,C3891,07-02-2024 07:00,5804,Card,Travel,Mobile,Delhi,50,23858,7,0,0
T10896,C4756,07-02-2024 08:00,60676,UPI,Fashion,Mobile,Chennai,23,6071,5,0,0
T10897,C5225,07-02-2024 09:00,73484,UPI,Grocery,Web,Bangalore,13,19939,8,0,0
T10898,C1094,07-02-2024 10:00,87228,Wallet,Grocery,Mobile,Chennai,4,27931,4,0,0
T10899,C3674,07-02-2024 11:00,72560,Card,Grocery,Mobile,Hyderabad,17,20947,6,0,0
T10900,C7898,07-02-2024 12:00,27308,Wallet,Travel,Mobile,Pune,41,14692,4,0,0
T10901,C1793,07-02-2024 13:00,85250,Card,Travel,Mobile,Pune,56,4040,2,0,0
T10902,C3116,07-02-2024 14:00,66124,Card,Electronics,Mobile,Bangalore,18,5686,1,0,0
T10903,C6779,07-02-2024 15:00,39982,UPI,Electronics,Mobile,Hyderabad,11,15666,1,0,0
T10904,C7166,07-02-2024 16:00,26023,UPI,Grocery,Web,Bangalore,17,5553,8,0,0
T10905,C1814,07-02-2024 17:00,29265,Card,Fashion,Mobile,Pune,16,4779,4,0,0
T10906,C1345,07-02-2024 18:00,67303,UPI,Electronics,Mobile,Kolkata,29,16186,5,0,0
T10907,C9554,07-02-2024 19:00,91849,Card,Electronics,Web,Chennai,23,19459,11,0,0
T10908,C3443,07-02-2024 20:00,4214,Card,Travel,Mobile,Delhi,10,23710,8,0,0
T10909,C8783,07-02-2024 21:00,65065,UPI,Fashion,Web,Pune,34,25219,7,0,0
T10910,C1984,07-02-2024 22:00,36421,Card,Grocery,Web,Mumbai,22,8057,8,0,0
T10911,C8790,07-02-2024 23:00,73397,Card,Electronics,Web,Delhi,16,21733,8,0,0
T10912,C1827,08-02-2024 00:00,96752,UPI,Fashion,Web,Pune,0,22157,6,0,1
T10913,C4531,08-02-2024 01:00,99404,Card,Fashion,Mobile,Chennai,14,5262,10,0,0
T10914,C8147,08-02-2024 02:00,25526,Card,Grocery,Web,Bangalore,31,22613,2,0,0
T10915,C5451,08-02-2024 03:00,17872,UPI,Fashion,Mobile,Kolkata,59,13308,6,0,0
T10916,C4876,08-02-2024 04:00,3812,Card,Fashion,Web,Kolkata,8,19776,1,0,0
T10917,C6959,08-02-2024 05:00,1467,Wallet,Fashion,Web,Delhi,14,20492,1,0,0
T10918,C1126,08-02-2024 06:00,91836,UPI,Electronics,Web,Chennai,27,23746,11,0,0
T10919,C4177,08-02-2024 07:00,52024,Card,Grocery,Web,Kolkata,23,8188,3,0,0
T10920,C9795,08-02-2024 08:00,3826,UPI,Fashion,Mobile,Kolkata,59,11802,3,0,0
T10921,C7024,08-02-2024 09:00,89252,Card,Fashion,Web,Hyderabad,34,8057,11,0,0
T10922,C6109,08-02-2024 10:00,27823,Card,Electronics,Mobile,Mumbai,21,6998,5,0,0
T10923,C5146,08-02-2024 11:00,9208,UPI,Grocery,Web,Delhi,26,11864,1,0,0
T10924,C8196,08-02-2024 12:00,77814,UPI,Travel,Mobile,Bangalore,18,25950,10,0,0
T10925,C4368,08-02-2024 13:00,35743,Card,Electronics,Mobile,Kolkata,44,6677,6,0,0
T10926,C4797,08-02-2024 14:00,31424,Card,Grocery,Mobile,Hyderabad,11,8796,7,0,0
T10927,C2792,08-02-2024 15:00,83460,Card,Fashion,Mobile,Chennai,19,17450,10,0,0
T10928,C6732,08-02-2024 16:00,9027,UPI,Grocery,Web,Kolkata,0,9363,11,0,0
T10929,C4476,08-02-2024 17:00,93780,Wallet,Grocery,Mobile,Mumbai,20,11123,3,0,0
T10930,C4417,08-02-2024 18:00,96646,Card,Grocery,Mobile,Bangalore,48,11222,4,0,0
T10931,C2645,08-02-2024 19:00,22543,Wallet,Travel,Mobile,Chennai,44,27074,10,0,0
T10932,C4030,08-02-2024 20:00,80073,UPI,Grocery,Web,Chennai,0,16654,11,0,1
T10933,C3872,08-02-2024 21:00,63549,Card,Travel,Mobile,Delhi,9,20784,10,0,0
T10934,C4072,08-02-2024 22:00,76843,Card,Fashion,Mobile,Kolkata,46,7071,10,0,0
T10935,C2854,08-02-2024 23:00,60333,UPI,Travel,Mobile,Delhi,58,11808,10,0,0
T10936,C5021,09-02-2024 00:00,25637,Card,Fashion,Mobile,Bangalore,58,5786,10,0,0
T10937,C5662,09-02-2024 01:00,77676,UPI,Fashion,Mobile,Kolkata,31,26553,3,0,0
T10938,C7514,09-02-2024 02:00,22712,Card,Travel,Mobile,Pune,38,3870,1,1,0
T10939,C6031,09-02-2024 03:00,94077,Card,Electronics,Mobile,Kolkata,59,7196,8,0,0
T10940,C3708,09-02-2024 04:00,6571,UPI,Food,Web,Pune,21,14796,10,0,0
T10941,C8112,09-02-2024 05:00,35731,Card,Grocery,Web,Chennai,17,28988,10,1,0
T10942,C9393,09-02-2024 06:00,92159,Card,Food,Mobile,Delhi,47,5739,2,0,0
T10943,C4507,09-02-2024 07:00,31448,UPI,Grocery,Web,Mumbai,45,3940,1,0,0
T10944,C7456,09-02-2024 08:00,64832,Wallet,Grocery,Mobile,Kolkata,31,3340,8,0,0
T10945,C5212,09-02-2024 09:00,1277,Wallet,Fashion,Mobile,Mumbai,26,26806,7,0,0
T10946,C8970,09-02-2024 10:00,4860,Card,Grocery,Mobile,Kolkata,27,7133,7,0,0
T10947,C9766,09-02-2024 11:00,32879,UPI,Grocery,Mobile,Chennai,17,20043,4,0,0
T10948,C1536,09-02-2024 12:00,21736,Card,Travel,Mobile,Delhi,58,13225,11,0,0
T10949,C2625,09-02-2024 13:00,81989,Card,Food,Mobile,Bangalore,38,12752,9,0,0
T10950,C8973,09-02-2024 14:00,53651,UPI,Travel,Mobile,Bangalore,48,6457,6,0,0
T10951,C9577,09-02-2024 15:00,11656,Card,Grocery,Web,Bangalore,28,12848,2,0,0
T10952,C9070,09-02-2024 16:00,27698,Card,Fashion,Mobile,Kolkata,17,22359,1,0,0
T10953,C9666,09-02-2024 17:00,11663,Card,Travel,Mobile,Kolkata,43,12241,1,0,0
T10954,C9609,09-02-2024 18:00,46919,UPI,Travel,Mobile,Mumbai,7,3453,9,0,0
T10955,C7490,09-02-2024 19:00,73870,Card,Electronics,Mobile,Delhi,53,12896,4,1,0
T10956,C4600,09-02-2024 20:00,91155,Wallet,Grocery,Mobile,Kolkata,30,27568,5,0,0
T10957,C7783,09-02-2024 21:00,27066,UPI,Fashion,Mobile,Delhi,33,24826,3,0,0
T10958,C5971,09-02-2024 22:00,81809,Card,Travel,Web,Mumbai,6,13976,4,0,0
T10959,C2205,09-02-2024 23:00,59989,Wallet,Travel,Mobile,Kolkata,35,18872,8,0,0
T10960,C2990,10-02-2024 00:00,27087,Card,Fashion,Mobile,Bangalore,17,3818,4,0,0
T10961,C6299,10-02-2024 01:00,78814,UPI,Grocery,Mobile,Bangalore,59,7868,9,1,0
T10962,C4572,10-02-2024 02:00,58448,Card,Electronics,Mobile,Chennai,37,19396,9,0,0
T10963,C6975,10-02-2024 03:00,24696,Card,Travel,Mobile,Pune,58,15171,6,0,0
T10964,C7320,10-02-2024 04:00,33274,Card,Electronics,Mobile,Hyderabad,8,27111,2,0,0
T10965,C5380,10-02-2024 05:00,64206,Card,Food,Mobile,Pune,58,3920,10,0,0
T10966,C5757,10-02-2024 06:00,70067,Wallet,Grocery,Mobile,Kolkata,8,24304,11,0,0
T10967,C3713,10-02-2024 07:00,59282,UPI,Food,Mobile,Delhi,45,21802,7,0,0
T10968,C6588,10-02-2024 08:00,93400,UPI,Food,Mobile,Kolkata,7,12506,9,0,0
T10969,C1966,10-02-2024 09:00,87263,Card,Food,Mobile,Delhi,50,9475,6,0,0
T10970,C5944,10-02-2024 10:00,39410,UPI,Grocery,Mobile,Delhi,34,5017,3,0,0
T10971,C4432,10-02-2024 11:00,56188,UPI,Grocery,Mobile,Pune,17,10957,7,0,0
T10972,C1688,10-02-2024 12:00,9006,UPI,Fashion,Mobile,Hyderabad,4,19230,5,0,0
T10973,C5243,10-02-2024 13:00,37014,UPI,Electronics,Mobile,Chennai,13,12420,1,0,0
T10974,C4701,10-02-2024 14:00,45479,UPI,Electronics,Mobile,Pune,27,7792,3,0,0
T10975,C9533,10-02-2024 15:00,78712,Wallet,Fashion,Mobile,Hyderabad,29,26214,5,0,0
T10976,C6182,10-02-2024 16:00,37750,UPI,Fashion,Mobile,Bangalore,3,16237,7,1,0
T10977,C7704,10-02-2024 17:00,46981,Card,Food,Web,Bangalore,38,21818,3,0,0
T10978,C5422,10-02-2024 18:00,46513,Card,Fashion,Mobile,Delhi,19,19251,6,1,0
T10979,C2759,10-02-2024 19:00,6112,Wallet,Travel,Web,Mumbai,24,22252,5,0,0
T10980,C3482,10-02-2024 20:00,50215,UPI,Electronics,Mobile,Kolkata,27,13707,1,1,0
T10981,C9058,10-02-2024 21:00,7251,Wallet,Fashion,Mobile,Kolkata,11,4438,10,0,0
T10982,C1951,10-02-2024 22:00,57816,Card,Travel,Mobile,Delhi,1,6543,6,1,1
T10983,C9914,10-02-2024 23:00,93847,Card,Travel,Mobile,Mumbai,42,14367,8,0,0
T10984,C3079,11-02-2024 00:00,92753,Card,Travel,Mobile,Hyderabad,13,21165,1,0,0
T10985,C3717,11-02-2024 01:00,36478,Card,Travel,Mobile,Bangalore,21,18520,2,1,0
T10986,C5524,11-02-2024 02:00,42752,UPI,Food,Mobile,Kolkata,30,9343,4,0,0
T10987,C9477,11-02-2024 03:00,72530,Card,Travel,Mobile,Pune,22,5263,2,0,0
T10988,C8311,11-02-2024 04:00,13567,Card,Food,Web,Mumbai,47,13161,11,0,0
T10989,C8186,11-02-2024 05:00,31110,Card,Food,Web,Hyderabad,19,3211,9,1,0
T10990,C3065,11-02-2024 06:00,54791,Wallet,Travel,Mobile,Bangalore,37,28083,10,0,0
T10991,C1768,11-02-2024 07:00,64257,UPI,Electronics,Mobile,Pune,54,25543,8,0,0
T10992,C6490,11-02-2024 08:00,12389,Wallet,Travel,Mobile,Mumbai,3,16809,8,0,0
T10993,C7645,11-02-2024 09:00,45076,UPI,Travel,Mobile,Delhi,14,10027,4,0,0
T10994,C6083,11-02-2024 10:00,43696,UPI,Travel,Mobile,Delhi,23,3331,5,0,0
T10995,C6232,11-02-2024 11:00,23271,UPI,Electronics,Web,Delhi,24,26244,4,0,0
T10996,C6797,11-02-2024 12:00,86465,UPI,Grocery,Mobile,Kolkata,0,27428,9,0,1
T10997,C5926,11-02-2024 13:00,99690,Card,Grocery,Mobile,Hyderabad,6,11169,2,1,0
T10998,C7016,11-02-2024 14:00,44239,UPI,Food,Mobile,Delhi,56,28126,11,0,0
T10999,C4335,11-02-2024 15:00,48813,UPI,Food,Web,Kolkata,30,25104,8,0,0
